case_id,startdate,responsible,enddate_planned,department,group,deadline,channel,enddate
case-10011,2011-10-11 11:42:22.688000+00:00,Resource21,2011-12-06 12:41:31.788000+00:00,General,Group 2,2011-12-06 12:41:31.788000+00:00,Internet,
case-10017,2011-10-10 23:06:40.020000+00:00,Resource04,2011-12-06 00:06:40.010000+00:00,General,Group 5,2011-12-06 00:06:40+00:00,Internet,2011-10-18 11:56:55.943000+00:00
case-10024,2011-10-05 23:06:40.020000+00:00,Resource11,2011-12-01 00:06:40.010000+00:00,General,Group 8,2011-12-01 00:06:40+00:00,Internet,2011-11-17 06:53:06.189000+00:00
case-10025,2011-10-09 23:06:40.020000+00:00,Resource11,2011-12-05 00:06:40.010000+00:00,General,Group 8,2011-12-05 00:06:40+00:00,Internet,2011-11-14 08:15:07.941000+00:00
case-10028,2011-10-09 23:06:40.020000+00:00,Resource11,2011-12-05 00:06:40.010000+00:00,General,Group 8,2011-12-05 00:06:40+00:00,Internet,2011-12-05 14:34:49.174000+00:00
case-10059,2011-10-17 12:23:48.241000+00:00,Resource06,2011-12-12 13:23:48.241000+00:00,General,Group 5,2011-12-12 13:23:48.241000+00:00,Internet,2011-10-24 09:10:14.651000+00:00
case-10061,2011-10-10 23:06:40.020000+00:00,Resource11,2012-12-06 00:06:40.010000+00:00,General,Group 8,2011-12-06 00:06:40+00:00,Internet,2011-11-23 07:50:44.645000+00:00
case-10062,2011-10-17 12:51:06.416000+00:00,admin3,2012-01-03 12:51:06.416000+00:00,Customer contact,,2012-01-03 12:51:06.416000+00:00,Internet,2011-10-18 11:34:37.957000+00:00
case-10065,2011-10-11 23:06:40.020000+00:00,Resource06,2011-12-23 00:06:40.010000+00:00,General,Group 5,2012-01-11 00:06:40+00:00,Internet,2011-12-15 23:00:00.010000+00:00
case-10066,2011-10-12 23:06:40.020000+00:00,Resource22,2012-12-08 00:06:40.010000+00:00,General,Group 5,2012-12-08 00:06:40+00:00,Internet,2011-11-30 07:48:31.281000+00:00
case-10067,2011-10-12 23:06:40.020000+00:00,Resource13,2011-12-08 00:06:40.010000+00:00,General,Group 5,2011-12-08 00:06:40+00:00,Internet,2011-11-16 09:31:30.572000+00:00
case-10068,2011-10-13 23:06:40.020000+00:00,Resource06,2011-12-09 00:06:40.010000+00:00,General,Group 5,2011-12-09 00:06:40+00:00,Internet,2011-10-24 09:39:09.003000+00:00
case-10069,2011-10-13 23:06:40.020000+00:00,Resource08,2012-01-04 23:00:00.010000+00:00,General,Group 5,2012-01-04 23:00:00+00:00,Internet,2011-12-30 14:41:42.684000+00:00
case-10070,2011-10-13 23:06:40.020000+00:00,Resource13,2011-12-09 00:06:40.010000+00:00,General,Group 5,2011-12-09 00:06:40+00:00,Internet,2011-11-18 08:47:22.105000+00:00
case-10071,2011-10-16 23:06:40.020000+00:00,Resource21,2011-12-12 00:06:40.010000+00:00,General,Group 2,2011-12-12 00:06:40+00:00,Internet,2012-01-18 08:50:57.856000+00:00
case-10072,2011-10-15 23:06:40.020000+00:00,admin1,2011-12-11 00:06:40.010000+00:00,General,,2011-12-11 00:06:40+00:00,Internet,2011-12-07 14:03:44.321000+00:00
case-10073,2011-10-16 23:06:40.020000+00:00,Resource22,2012-01-22 23:00:00.010000+00:00,General,Group 5,2012-01-22 23:00:00+00:00,Internet,
case-10075,2011-10-17 13:45:00.878000+00:00,admin3,2012-01-03 13:45:00.878000+00:00,Customer contact,,2012-01-03 13:45:00.878000+00:00,Internet,2011-10-20 09:57:51.715000+00:00
case-10087,2011-10-17 23:06:40.020000+00:00,Resource11,2011-12-13 00:06:40.010000+00:00,General,Group 8,2011-12-13 00:06:40+00:00,Internet,2011-12-20 23:00:00.010000+00:00
case-10089,2011-10-13 23:06:40.020000+00:00,Resource20,2011-12-09 00:06:40.010000+00:00,General,Group 2,2011-12-09 00:06:40+00:00,Internet,2011-10-24 10:02:19.895000+00:00
case-10090,2011-10-17 23:06:40.020000+00:00,Resource01,2011-12-13 00:06:40.010000+00:00,General,Group 8,2011-12-13 00:06:40+00:00,Internet,2011-12-23 09:15:43.378000+00:00
case-10094,2011-10-17 23:06:40.020000+00:00,Resource11,2011-12-13 00:06:40.010000+00:00,General,Group 8,2011-12-13 00:06:40+00:00,Internet,2011-11-23 08:10:27.977000+00:00
case-10095,2011-10-17 23:06:40.020000+00:00,Resource05,2011-12-13 00:06:40.010000+00:00,General,Group 5,2011-12-13 00:06:40+00:00,Internet,2011-11-10 23:00:00.010000+00:00
case-10098,2011-10-17 23:06:40.020000+00:00,Resource11,2011-12-13 00:06:40.010000+00:00,General,Group 8,2011-12-13 00:06:40+00:00,Internet,2011-11-21 09:55:59.502000+00:00
case-10099,2011-10-17 23:06:40.020000+00:00,Resource11,2011-12-13 00:06:40.010000+00:00,General,Group 8,2011-12-13 00:06:40+00:00,Internet,2011-11-23 08:18:38.635000+00:00
case-10101,2011-10-17 23:06:40.020000+00:00,Resource11,2011-12-13 00:06:40.010000+00:00,General,Group 8,2011-12-13 00:06:40+00:00,Internet,2011-11-16 13:34:26.165000+00:00
case-10102,2011-10-17 23:06:40.020000+00:00,Resource02,2012-01-24 00:06:40.010000+00:00,General,Group 5,2012-01-24 00:06:40+00:00,Internet,
case-10103,2011-10-10 23:06:40.020000+00:00,Resource02,2012-01-01 23:00:00.010000+00:00,General,Group 5,2012-01-01 23:00:00+00:00,Internet,2012-01-18 13:42:30.860000+00:00
case-10105,2011-10-17 23:06:40.020000+00:00,Resource11,2011-12-13 00:06:40.010000+00:00,General,Group 8,2011-12-13 00:06:40+00:00,Internet,2011-11-14 08:21:17.077000+00:00
case-10120,2011-10-19 23:06:40.020000+00:00,Resource05,2011-12-15 00:06:40.010000+00:00,General,Group 5,2011-12-15 00:06:40+00:00,Internet,2011-11-18 09:41:02.406000+00:00
case-10127,2011-10-19 23:06:40.020000+00:00,Resource06,2011-12-15 00:06:40.010000+00:00,General,Group 5,2011-12-15 00:06:40+00:00,Internet,2011-11-14 15:28:14.523000+00:00
case-10134,2011-10-20 23:06:40.020000+00:00,Resource11,2011-12-16 00:06:40.010000+00:00,General,Group 8,2011-12-16 00:06:40+00:00,Internet,2011-11-21 09:22:01.058000+00:00
case-10136,2011-10-20 23:06:40.020000+00:00,Resource11,2011-12-16 00:06:40.010000+00:00,General,Group 8,2011-12-16 00:06:40+00:00,Internet,2011-11-21 09:47:45.048000+00:00
case-10138,2011-10-20 23:06:40.020000+00:00,Resource12,2011-12-16 00:06:40.010000+00:00,General,Group 5,2011-12-16 00:06:40+00:00,Internet,
case-10139,2011-10-21 07:57:00.805000+00:00,admin3,2012-01-09 07:57:00.805000+00:00,Customer contact,,2012-01-09 07:57:00.805000+00:00,Internet,2011-10-21 08:07:15.049000+00:00
case-10146,2011-10-20 23:06:40.020000+00:00,Resource03,2011-12-16 00:06:40.010000+00:00,General,Group 2,2011-12-16 00:06:40+00:00,Internet,2011-11-16 11:19:00.566000+00:00
case-10147,2011-10-21 23:06:40.020000+00:00,Resource11,2011-12-17 00:06:40.010000+00:00,General,Group 8,2011-12-17 00:06:40+00:00,Internet,2011-11-21 13:00:38.805000+00:00
case-10159,2011-10-22 23:06:40.020000+00:00,Resource11,2011-12-18 00:06:40.010000+00:00,General,Group 8,2011-12-18 00:06:40+00:00,Internet,2011-12-07 07:39:52.978000+00:00
case-10160,2011-10-22 23:06:40.020000+00:00,Resource02,2012-01-29 00:06:40.010000+00:00,General,Group 5,2012-01-29 00:06:40+00:00,Internet,
case-10163,2011-10-22 23:06:40.020000+00:00,admin3,2011-12-18 00:06:40.010000+00:00,Customer contact,,2011-12-18 00:06:40+00:00,Internet,2011-10-27 08:17:23.186000+00:00
case-10164,2011-10-23 23:06:40.020000+00:00,Resource01,2011-12-19 00:06:40.010000+00:00,General,Group 8,2011-12-19 00:06:40+00:00,Internet,2011-11-18 15:02:50.407000+00:00
case-10183,2011-10-24 23:06:40.020000+00:00,Resource09,2011-12-19 23:00:00.010000+00:00,General,Group 5,2013-01-01 23:00:00+00:00,Internet,
case-10194,2011-10-04 23:06:40.020000+00:00,Resource02,2011-12-22 00:06:40.010000+00:00,General,Group 5,2011-12-22 00:06:40+00:00,Internet,2012-01-17 10:28:46.518000+00:00
case-10195,2011-10-04 23:06:40.020000+00:00,Resource02,2011-12-22 00:06:40.010000+00:00,General,Group 5,2011-12-22 00:06:40+00:00,Internet,2012-01-17 10:29:38.198000+00:00
case-10196,2011-10-11 23:06:40.020000+00:00,Resource23,2011-12-27 23:00:00.010000+00:00,General,Group 5,2011-12-27 23:00:00+00:00,Internet,2011-12-23 15:08:22.587000+00:00
case-10198,2011-10-25 23:06:40.020000+00:00,Resource11,2011-12-21 00:06:40.010000+00:00,General,Group 8,2011-12-21 00:06:40+00:00,Internet,2011-12-07 07:50:52.710000+00:00
case-10199,2011-10-17 23:06:40.020000+00:00,Resource13,2011-12-13 00:06:40.010000+00:00,General,Group 5,2011-12-13 00:06:40+00:00,Desk,2011-12-07 14:23:56.316000+00:00
case-10202,2011-10-23 23:06:40.020000+00:00,Resource23,2012-01-10 23:00:00.010000+00:00,General,Group 5,2012-01-10 23:00:00+00:00,Desk,2012-01-09 15:52:03.253000+00:00
case-10210,2011-10-26 23:06:40.020000+00:00,Resource01,2011-12-22 00:06:40.010000+00:00,General,Group 8,2011-12-22 00:06:40+00:00,Internet,2011-11-02 15:23:21.225000+00:00
case-10211,2011-10-26 23:06:40.020000+00:00,Resource11,2011-12-22 00:06:40.010000+00:00,General,Group 8,2011-12-22 00:06:40+00:00,Internet,2011-11-21 12:48:22.259000+00:00
case-10218,2011-10-26 23:06:40.020000+00:00,Resource11,2011-12-22 00:06:40.010000+00:00,General,Group 8,2011-12-22 00:06:40+00:00,Internet,2011-12-07 07:59:51.356000+00:00
case-10220,2011-10-26 23:06:40.020000+00:00,Resource11,2011-12-22 00:06:40.010000+00:00,General,Group 8,2011-12-22 00:06:40+00:00,Internet,2011-12-07 08:17:33.356000+00:00
case-10221,2011-10-26 23:06:40.020000+00:00,Resource14,2011-12-22 00:06:40.010000+00:00,General,Group 5,2011-12-22 00:06:40+00:00,Internet,2011-12-12 14:03:53.791000+00:00
case-10222,2011-10-26 23:06:40.020000+00:00,Resource22,2011-12-21 23:00:00.010000+00:00,General,Group 5,2011-12-21 23:00:00+00:00,Internet,2012-01-05 15:07:21.119000+00:00
case-10223,2011-10-26 23:06:40.020000+00:00,Resource11,2011-12-21 23:00:00.010000+00:00,General,Group 8,2011-12-21 23:00:00+00:00,Internet,2011-12-19 07:48:52.854000+00:00
case-10225,2011-10-26 23:06:40.020000+00:00,Resource14,2011-12-21 23:00:00.010000+00:00,General,Group 5,2011-12-21 23:00:00+00:00,Internet,2012-01-18 11:34:02.740000+00:00
case-10228,2011-10-27 23:06:40.020000+00:00,admin3,2012-01-16 00:06:40.010000+00:00,Customer contact,,2012-01-16 00:06:40+00:00,Internet,2011-10-31 09:14:34.772000+00:00
case-10232,2011-10-27 23:06:40.020000+00:00,Resource01,2011-12-23 00:06:40.010000+00:00,General,Group 8,2011-12-23 00:06:40+00:00,Internet,2011-12-13 23:00:00.010000+00:00
case-10244,2011-10-28 23:06:40.020000+00:00,admin3,2012-01-16 00:06:40.010000+00:00,Customer contact,,2012-01-16 00:06:40+00:00,Internet,2011-11-02 15:13:15.190000+00:00
case-10259,2011-10-31 00:06:40.010000+00:00,Resource09,2011-12-26 00:06:40.010000+00:00,General,Group 5,2011-12-26 00:06:40+00:00,Internet,2011-12-07 13:16:29.410000+00:00
case-10263,2011-10-31 00:06:40.010000+00:00,Resource12,2011-12-26 00:06:40.010000+00:00,General,Group 5,2011-12-26 00:06:40+00:00,Internet,
case-10266,2011-10-31 00:06:40.010000+00:00,Resource06,2011-12-26 00:06:40.010000+00:00,General,Group 5,2011-12-26 00:06:40+00:00,Internet,2011-11-15 10:45:02.515000+00:00
case-10273,2011-11-01 00:06:40.010000+00:00,Resource04,2011-12-27 00:06:40.010000+00:00,General,Group 5,2011-12-27 00:06:40+00:00,Internet,2011-12-09 09:19:24.639000+00:00
case-10284,2011-11-02 00:06:40.010000+00:00,Resource11,2011-12-28 00:06:40.010000+00:00,General,Group 8,2011-12-28 00:06:40+00:00,Internet,2011-12-07 08:34:15.575000+00:00
case-10286,2011-10-27 23:06:40.020000+00:00,Resource11,2011-12-23 00:06:40.010000+00:00,General,Group 8,2011-12-23 00:06:40+00:00,Post,2011-12-07 08:11:03.638000+00:00
case-10287,2011-11-02 00:06:40.010000+00:00,Resource11,2011-12-27 23:00:00.010000+00:00,General,Group 8,2011-12-27 23:00:00+00:00,Internet,2011-12-23 13:11:59.502000+00:00
case-10289,2011-11-02 00:06:40.010000+00:00,Resource06,2012-02-01 23:00:00.010000+00:00,General,Group 5,2012-02-01 23:00:00+00:00,Internet,
case-10291,2011-11-02 00:06:40.010000+00:00,Resource03,2011-12-28 00:06:40.010000+00:00,General,Group 2,2011-12-28 00:06:40+00:00,Internet,2011-11-17 14:25:45.174000+00:00
case-10297,2011-11-02 00:06:40.010000+00:00,Resource11,2011-12-28 00:06:40.010000+00:00,General,Group 8,2011-12-28 00:06:40+00:00,Internet,2011-12-07 09:53:41.781000+00:00
case-10299,2011-11-02 00:06:40.010000+00:00,Resource11,2011-12-28 00:06:40.010000+00:00,General,Group 8,2011-12-28 00:06:40+00:00,Internet,2011-12-13 06:41:22.236000+00:00
case-10300,2011-11-02 00:06:40.010000+00:00,Resource11,2011-12-28 00:06:40.010000+00:00,General,Group 8,2011-12-28 00:06:40+00:00,Internet,2011-12-13 06:47:04.800000+00:00
case-10306,2011-11-02 00:06:40.010000+00:00,Resource08,2011-12-28 00:06:40.010000+00:00,General,Group 5,2011-12-28 00:06:40+00:00,Internet,2011-12-21 12:52:37.326000+00:00
case-10322,2011-11-04 00:06:40.010000+00:00,Resource11,2011-12-30 00:06:40.010000+00:00,General,Group 8,2011-12-30 00:06:40+00:00,Internet,2011-12-13 06:51:46.479000+00:00
case-10324,2011-11-04 12:03:40.343000+00:00,Resource26,2011-12-30 12:03:40.343000+00:00,General,,2011-12-30 12:03:40.343000+00:00,Internet,
case-10326,2011-11-04 00:06:40.010000+00:00,Resource09,2011-12-29 23:00:00.010000+00:00,General,Group 5,2012-02-04 23:00:00+00:00,Internet,
case-10336,2011-11-05 00:06:40.010000+00:00,Resource11,2011-12-30 23:00:00.010000+00:00,General,Group 8,2011-12-30 23:00:00+00:00,Internet,2011-12-20 09:45:09.086000+00:00
case-10339,2011-11-05 00:06:40.010000+00:00,Resource06,2011-12-31 00:06:40.010000+00:00,General,Group 5,2011-12-31 00:06:40+00:00,Internet,
case-10350,2011-11-06 00:06:40.010000+00:00,Resource11,2012-01-01 00:06:40.010000+00:00,General,Group 8,2012-01-01 00:06:40+00:00,Internet,2011-12-07 08:48:15.041000+00:00
case-10352,2011-11-06 00:06:40.010000+00:00,Resource20,2012-01-01 00:06:40.010000+00:00,General,Group 2,2012-01-01 00:06:40+00:00,Internet,2011-11-18 09:49:10.069000+00:00
case-10354,2011-11-07 07:47:37.906000+00:00,test,2012-01-02 07:47:37.906000+00:00,Customer contact,,2012-01-02 07:47:37.906000+00:00,Internet,2011-11-07 07:48:38.223000+00:00
case-10357,2011-11-07 00:06:40.010000+00:00,Resource06,2012-01-02 00:06:40.010000+00:00,General,Group 5,2012-01-02 00:06:40+00:00,Internet,2011-11-14 08:21:48.989000+00:00
case-10360,2011-11-07 00:06:40.010000+00:00,Resource13,2012-01-02 00:06:40.010000+00:00,General,Group 5,2012-01-02 00:06:40+00:00,Internet,2011-12-05 08:42:17.930000+00:00
case-10375,2011-11-07 00:06:40.010000+00:00,Resource14,2012-01-01 23:00:00.010000+00:00,General,Group 5,2012-01-01 23:00:00+00:00,Internet,2012-01-18 10:32:31.001000+00:00
case-10378,2011-10-25 23:06:40.020000+00:00,Resource06,2012-02-21 23:00:00.010000+00:00,General,Group 5,2012-03-12 23:00:00+00:00,Post,
case-10384,2011-11-08 00:06:40.010000+00:00,Resource23,2012-01-02 23:00:00.010000+00:00,General,Group 5,2012-01-02 23:00:00+00:00,Internet,2011-12-30 13:58:37.454000+00:00
case-10392,2011-11-09 00:06:40.010000+00:00,Resource11,2012-01-03 23:00:00.010000+00:00,General,Group 8,2012-01-03 23:00:00+00:00,Internet,2011-12-22 14:18:30.995000+00:00
case-10394,2011-11-09 00:06:40.010000+00:00,Resource35,2012-01-04 00:06:40.010000+00:00,General,Group 7,2012-01-04 00:06:40+00:00,Internet,2011-12-07 14:44:34.237000+00:00
case-10407,2011-11-10 00:06:40.010000+00:00,Resource20,2012-01-05 00:06:40.010000+00:00,General,Group 2,2012-01-05 00:06:40+00:00,Internet,2011-11-18 10:02:10.932000+00:00
case-10410,2011-11-10 00:06:40.010000+00:00,Resource09,2012-01-05 00:06:40.010000+00:00,General,Group 5,2012-01-05 00:06:40+00:00,Internet,
case-10459,2011-11-14 00:06:40.010000+00:00,Resource08,2012-01-09 00:06:40.010000+00:00,General,Group 5,2012-01-09 00:06:40+00:00,Internet,2011-11-25 08:54:28.893000+00:00
case-10460,2011-11-14 00:06:40.010000+00:00,Resource20,2012-01-09 00:06:40.010000+00:00,General,Group 2,2012-01-09 00:06:40+00:00,Internet,2011-11-25 08:31:43.698000+00:00
case-10461,2011-11-14 00:06:40.010000+00:00,Resource03,2012-01-09 00:06:40.010000+00:00,General,Group 2,2012-01-09 00:06:40+00:00,Internet,2011-11-23 13:06:55.068000+00:00
case-10463,2011-11-14 00:06:40.010000+00:00,Resource06,2012-02-21 23:00:00.010000+00:00,General,Group 5,2012-02-28 23:00:00+00:00,Internet,
case-10464,2011-11-14 00:06:40.010000+00:00,Resource09,2012-02-19 23:00:00.010000+00:00,General,Group 5,2012-02-19 23:00:00+00:00,Internet,
case-10472,2011-11-15 00:06:40.010000+00:00,Resource11,2012-01-10 00:06:40.010000+00:00,General,Group 8,2012-01-10 00:06:40+00:00,Internet,2011-12-13 07:01:09.294000+00:00
case-10473,2011-11-15 00:06:40.010000+00:00,Resource06,2012-01-02 23:00:00.010000+00:00,General,Group 5,2012-01-09 23:00:00+00:00,Internet,2012-01-09 15:41:15.601000+00:00
case-10474,2011-11-15 00:06:40.010000+00:00,Resource06,2012-01-09 23:00:00.010000+00:00,General,Group 5,2012-01-09 23:00:00+00:00,Internet,2012-01-09 15:36:35.304000+00:00
case-10479,2011-11-15 00:06:40.010000+00:00,Resource03,2012-01-10 00:06:40.010000+00:00,General,Group 2,2012-01-10 00:06:40+00:00,Internet,2011-11-18 10:14:22.481000+00:00
case-10483,2011-11-15 00:06:40.010000+00:00,Resource02,2012-02-21 23:00:00.010000+00:00,General,Group 5,2012-02-21 23:00:00+00:00,Internet,
case-10484,2011-11-15 00:06:40.010000+00:00,Resource02,2012-02-21 23:00:00.010000+00:00,General,Group 5,2012-02-21 23:00:00+00:00,Internet,
case-10487,2011-11-16 00:06:40.010000+00:00,Resource11,2012-01-11 00:06:40.010000+00:00,General,Group 8,2012-01-11 00:06:40+00:00,Internet,2011-12-07 08:56:05.674000+00:00
case-10489,2011-11-16 00:06:40.010000+00:00,Resource02,2012-02-22 23:00:00.010000+00:00,General,Group 5,2012-02-22 23:00:00+00:00,Internet,
case-10492,2011-11-16 00:06:40.010000+00:00,Resource03,2012-01-11 00:06:40.010000+00:00,General,Group 2,2012-01-11 00:06:40+00:00,Internet,2011-11-22 09:25:17.026000+00:00
case-10497,2011-11-17 00:06:40.010000+00:00,Resource11,2012-01-12 00:06:40.010000+00:00,General,Group 8,2012-01-12 00:06:40+00:00,Internet,2011-12-13 06:56:25.045000+00:00
case-10498,2011-11-17 00:06:40.010000+00:00,Resource11,2012-01-11 23:00:00.010000+00:00,General,Group 8,2012-01-11 23:00:00+00:00,Internet,2011-12-23 14:10:40.223000+00:00
case-10499,2011-11-17 00:06:40.010000+00:00,Resource11,2012-01-11 23:00:00.010000+00:00,General,Group 8,2012-01-11 23:00:00+00:00,Internet,2011-12-23 14:35:14.426000+00:00
case-10502,2011-11-17 00:06:40.010000+00:00,Resource13,2012-01-11 23:00:00.010000+00:00,General,Group 5,2012-01-11 23:00:00+00:00,Internet,2012-01-16 14:09:57.947000+00:00
case-10509,2011-11-09 00:06:40.010000+00:00,Resource05,2012-01-04 00:06:40.010000+00:00,General,Group 5,2012-01-04 00:06:40+00:00,Internet,2011-11-30 15:08:40.943000+00:00
case-10511,2011-11-01 23:00:00.010000+00:00,Resource11,2011-12-27 23:00:00.010000+00:00,General,Group 8,2011-12-27 23:00:00+00:00,Internet,2011-12-07 08:39:48.523000+00:00
case-10512,2011-11-17 00:06:40.010000+00:00,Resource13,2012-01-11 23:00:00.010000+00:00,General,Group 5,2012-02-14 23:00:00+00:00,Internet,2012-01-19 13:41:04.746000+00:00
case-10514,2011-11-17 00:06:40.010000+00:00,Resource09,2012-01-11 23:00:00.010000+00:00,General,Group 5,2012-01-11 23:00:00+00:00,Internet,2012-01-18 10:59:00.881000+00:00
case-10517,2011-11-17 00:06:40.010000+00:00,Resource11,2012-01-11 23:00:00.010000+00:00,General,Group 8,2012-01-11 23:00:00+00:00,Internet,2011-12-23 09:01:29.356000+00:00
case-10526,2011-11-18 00:06:40.010000+00:00,Resource11,2012-01-12 23:00:00.010000+00:00,General,Group 8,2012-01-12 23:00:00+00:00,Internet,2011-12-23 10:25:49.557000+00:00
case-10541,2011-11-21 00:06:40.010000+00:00,Resource08,2012-01-16 00:06:40.010000+00:00,General,Group 5,2012-01-16 00:06:40+00:00,Internet,2011-11-25 09:01:30.375000+00:00
case-10542,2011-11-21 00:06:40.010000+00:00,Resource02,2012-02-26 23:00:00.010000+00:00,General,Group 5,2012-02-26 23:00:00+00:00,Internet,
case-10546,2011-11-02 00:06:40.010000+00:00,Resource08,2011-12-27 23:00:00.010000+00:00,General,Group 5,2011-12-27 23:00:00+00:00,Internet,2011-12-21 23:00:00.010000+00:00
case-10550,2011-11-21 00:06:40.010000+00:00,Resource20,2012-01-16 00:06:40.010000+00:00,General,Group 2,2012-01-16 00:06:40+00:00,Internet,2011-11-25 08:08:53.865000+00:00
case-10551,2011-11-21 00:06:40.010000+00:00,Resource09,2012-01-15 23:00:00.010000+00:00,General,Group 5,2012-01-15 23:00:00+00:00,Internet,
case-10555,2011-11-21 00:06:40.010000+00:00,Resource11,2012-01-15 23:00:00.010000+00:00,General,Group 8,2012-01-15 23:00:00+00:00,Internet,2011-12-23 11:04:26.129000+00:00
case-10563,2011-11-22 07:54:00.925000+00:00,admin3,2012-02-08 07:54:00.925000+00:00,Customer contact,,2012-02-08 07:54:00.925000+00:00,Internet,2011-11-22 10:56:10.095000+00:00
case-10564,2011-11-22 00:06:40.010000+00:00,Resource09,2012-01-16 23:00:00.010000+00:00,General,Group 5,2012-01-16 23:00:00+00:00,Internet,
case-10571,2011-11-22 00:06:40.010000+00:00,Resource04,2012-01-17 00:06:40.010000+00:00,General,Group 5,2012-01-17 00:06:40+00:00,Internet,2011-12-09 09:15:03.846000+00:00
case-10575,2011-11-23 00:06:40.010000+00:00,Resource11,2012-01-17 23:00:00.010000+00:00,General,Group 8,2012-01-17 23:00:00+00:00,Internet,2012-01-05 13:32:52.039000+00:00
case-10576,2011-11-23 00:06:40.010000+00:00,Resource11,2012-02-08 23:00:00.010000+00:00,General,Group 8,2012-02-08 23:00:00+00:00,Internet,2012-01-12 13:47:41.335000+00:00
case-10582,2011-11-23 15:21:00.744000+00:00,admin3,2012-02-09 15:21:00.744000+00:00,Customer contact,,2012-02-09 15:21:00.744000+00:00,Internet,2011-11-24 08:15:48.187000+00:00
case-10583,2011-11-23 00:06:40.010000+00:00,Resource09,2012-02-08 23:00:00.010000+00:00,General,Group 5,2012-02-08 23:00:00+00:00,Internet,
case-10592,2011-11-24 00:06:40.010000+00:00,Resource12,2012-01-19 00:06:40.010000+00:00,General,Group 5,2012-01-19 00:06:40+00:00,Internet,2011-12-12 14:18:40.732000+00:00
case-10593,2011-11-24 00:06:40.010000+00:00,Resource04,2012-01-18 23:00:00.010000+00:00,General,Group 5,2012-01-18 23:00:00+00:00,Internet,2012-01-17 13:33:56.518000+00:00
case-10598,2011-11-24 00:06:40.010000+00:00,Resource20,2012-01-20 00:06:40.010000+00:00,General,Group 2,2012-01-20 00:06:40+00:00,Internet,2011-11-30 14:52:53.757000+00:00
case-10600,2011-11-24 00:06:40.010000+00:00,Resource11,2012-01-18 23:00:00.010000+00:00,General,Group 8,2012-01-18 23:00:00+00:00,Internet,2012-01-12 13:34:01.420000+00:00
case-10621,2011-11-28 00:06:40.010000+00:00,Resource14,2012-03-04 23:00:00.010000+00:00,General,Group 5,2012-03-04 23:00:00+00:00,Internet,
case-10623,2011-11-28 00:06:40.010000+00:00,Resource06,2012-02-02 23:00:00.010000+00:00,General,Group 5,2012-02-02 23:00:00+00:00,Internet,
case-10624,2011-11-28 00:06:40.010000+00:00,Resource04,2012-01-22 23:00:00.010000+00:00,General,Group 5,2012-01-22 23:00:00+00:00,Internet,
case-10626,2011-11-15 00:06:40.010000+00:00,Resource02,2012-02-20 23:00:00.010000+00:00,General,Group 5,2012-02-20 23:00:00+00:00,Internet,
case-10636,2011-11-28 00:06:40.010000+00:00,Resource21,2012-01-11 23:00:00.010000+00:00,General,Group 2,2012-01-11 23:00:00+00:00,Internet,2012-01-19 14:07:29.638000+00:00
case-10646,2011-11-29 00:06:40.010000+00:00,Resource06,2012-01-24 00:06:40.010000+00:00,General,Group 5,2012-01-24 00:06:40+00:00,Internet,2011-12-09 14:47:19.142000+00:00
case-10647,2011-11-29 00:06:40.010000+00:00,Resource11,2012-01-23 23:00:00.010000+00:00,General,Group 8,2012-01-23 23:00:00+00:00,Internet,2012-01-17 10:03:50.415000+00:00
case-10660,2011-11-30 07:48:01.064000+00:00,admin3,2012-02-16 07:48:01.064000+00:00,Customer contact,,2012-02-16 07:48:01.064000+00:00,Internet,2011-11-30 23:00:00.010000+00:00
case-10661,2011-11-30 00:06:40.010000+00:00,Resource06,2012-01-24 23:00:00.010000+00:00,General,Group 5,2012-01-24 23:00:00+00:00,Internet,2012-01-20 15:08:56.917000+00:00
case-10662,2011-11-25 00:06:40.010000+00:00,Resource06,2012-01-20 00:06:40.010000+00:00,General,Group 5,2012-01-20 00:06:40+00:00,Desk,2011-12-09 15:10:54.408000+00:00
case-10663,2011-11-30 00:06:40.010000+00:00,Resource04,2012-01-24 23:00:00.010000+00:00,General,Group 5,2012-01-24 23:00:00+00:00,Internet,2012-01-18 14:38:08.002000+00:00
case-10669,2011-11-30 00:06:40.010000+00:00,Resource11,2012-01-24 23:00:00.010000+00:00,General,Group 8,2012-01-24 23:00:00+00:00,Internet,2012-01-05 13:04:24.457000+00:00
case-10670,2011-11-30 00:06:40.010000+00:00,Resource11,2012-01-24 23:00:00.010000+00:00,General,Group 8,2012-01-24 23:00:00+00:00,Internet,2012-01-05 13:43:14.280000+00:00
case-10671,2011-11-30 00:06:40.010000+00:00,Resource05,2012-01-24 23:00:00.010000+00:00,General,Group 5,2012-01-24 23:00:00+00:00,Internet,2012-01-20 14:53:31.556000+00:00
case-10675,2011-11-30 00:06:40.010000+00:00,Resource09,2012-01-24 23:00:00.010000+00:00,General,Group 5,2012-01-24 23:00:00+00:00,Internet,
case-10688,2011-12-01 00:06:40.010000+00:00,Resource04,2012-01-29 23:00:00.010000+00:00,General,Group 5,2012-01-29 23:00:00+00:00,Internet,
case-10693,2011-10-28 23:06:40.020000+00:00,Resource03,2011-12-24 00:06:40.010000+00:00,General,Group 2,2011-12-24 00:06:40+00:00,e-mail,2011-12-06 13:41:38.980000+00:00
case-10709,2011-12-02 00:06:40.010000+00:00,Resource09,2012-01-26 23:00:00.010000+00:00,General,Group 5,2012-01-26 23:00:00+00:00,Internet,
case-10735,2011-12-05 00:06:40.010000+00:00,Resource11,2012-01-29 23:00:00.010000+00:00,General,Group 8,2012-01-29 23:00:00+00:00,Internet,2012-01-05 13:51:53.398000+00:00
case-10749,2011-12-05 00:06:40.010000+00:00,Resource11,2012-01-29 23:00:00.010000+00:00,General,Group 8,2012-01-29 23:00:00+00:00,Internet,2012-01-17 10:40:15.756000+00:00
case-10757,2011-12-06 00:06:40.010000+00:00,Resource06,2012-01-30 23:00:00.010000+00:00,General,Group 5,2012-01-30 23:00:00+00:00,Internet,2012-01-17 14:05:03.138000+00:00
case-10763,2011-12-04 23:00:00.010000+00:00,Resource35,2012-01-29 23:00:00.010000+00:00,General,Group 7,2012-01-29 23:00:00+00:00,Internet,
case-10765,2011-12-06 00:06:40.010000+00:00,Resource23,2012-01-31 00:06:40.010000+00:00,General,Group 5,2012-01-31 00:06:40+00:00,Internet,
case-10777,2011-12-07 00:06:40.010000+00:00,Resource11,2012-01-31 23:00:00.010000+00:00,General,Group 8,2012-01-31 23:00:00+00:00,Internet,2012-01-05 14:00:31.243000+00:00
case-10779,2011-10-31 00:06:40.010000+00:00,Resource09,2011-12-25 23:00:00.010000+00:00,General,Group 5,2011-12-25 23:00:00+00:00,Internet,
case-10788,2011-12-08 00:06:40.010000+00:00,Resource14,2012-02-01 23:00:00.010000+00:00,General,Group 5,2012-02-01 23:00:00+00:00,Internet,
case-10799,2011-12-08 00:06:40.010000+00:00,Resource11,2012-02-01 23:00:00.010000+00:00,General,Group 8,2012-02-01 23:00:00+00:00,Internet,2012-01-05 14:13:32.700000+00:00
case-10800,2011-12-08 00:06:40.010000+00:00,Resource11,2012-02-01 23:00:00.010000+00:00,General,Group 8,2012-02-01 23:00:00+00:00,Internet,2012-01-10 13:25:59.612000+00:00
case-10810,2011-12-09 00:06:40.010000+00:00,Resource06,2012-02-02 23:00:00.010000+00:00,General,Group 5,2012-02-02 23:00:00+00:00,Internet,2012-01-17 14:16:21.542000+00:00
case-10814,2011-12-09 00:06:40.010000+00:00,Resource12,2012-02-02 23:00:00.010000+00:00,General,Group 5,2012-02-02 23:00:00+00:00,Internet,
case-10838,2011-12-11 00:06:40.010000+00:00,Resource04,2012-02-04 23:00:00.010000+00:00,General,Group 5,2012-02-04 23:00:00+00:00,Internet,
case-10853,2011-12-12 00:06:40.010000+00:00,Resource20,2012-02-05 23:00:00.010000+00:00,General,Group 2,2012-02-05 23:00:00+00:00,Internet,2012-01-17 14:26:34.656000+00:00
case-10854,2011-12-12 00:06:40.010000+00:00,Resource20,2012-02-05 23:00:00.010000+00:00,General,Group 2,2012-02-05 23:00:00+00:00,Internet,
case-10855,2011-12-12 00:06:40.010000+00:00,Resource20,2012-02-05 23:00:00.010000+00:00,General,Group 2,2012-02-05 23:00:00+00:00,Internet,
case-10856,2011-12-12 00:06:40.010000+00:00,Resource20,2012-02-05 23:00:00.010000+00:00,General,Group 2,2012-02-05 23:00:00+00:00,Internet,
case-10857,2011-12-12 00:06:40.010000+00:00,Resource13,2012-02-05 23:00:00.010000+00:00,General,Group 5,2012-02-05 23:00:00+00:00,Internet,
case-10858,2011-12-12 00:06:40.010000+00:00,Resource20,2012-02-05 23:00:00.010000+00:00,General,Group 2,2012-02-05 23:00:00+00:00,Internet,
case-10861,2011-12-13 00:06:40.010000+00:00,Resource20,2012-02-06 23:00:00.010000+00:00,General,Group 2,2012-02-06 23:00:00+00:00,Internet,
case-10862,2011-12-12 00:06:40.010000+00:00,admin3,2012-02-05 23:00:00.010000+00:00,Customer contact,,2012-02-05 23:00:00+00:00,Internet,2011-12-11 23:00:00.010000+00:00
case-10863,2011-12-12 00:06:40.010000+00:00,Resource20,2012-02-05 23:00:00.010000+00:00,General,Group 2,2012-02-05 23:00:00+00:00,Internet,
case-10864,2011-12-12 00:06:40.010000+00:00,Resource14,2012-02-05 23:00:00.010000+00:00,General,Group 5,2012-02-05 23:00:00+00:00,Internet,
case-10890,2011-12-13 00:06:40.010000+00:00,Resource18,2012-02-28 23:00:00.010000+00:00,General,Group 5,2012-02-28 23:00:00+00:00,Internet,
case-10892,2011-12-13 00:06:40.010000+00:00,Resource11,2012-02-06 23:00:00.010000+00:00,General,Group 8,2012-02-06 23:00:00+00:00,Internet,2012-01-12 13:17:12.049000+00:00
case-10918,2011-12-14 08:54:01.065000+00:00,Resource26,2012-02-29 23:00:00.010000+00:00,General,,2012-02-29 23:00:00+00:00,Internet,
case-10929,2011-12-07 00:06:40.010000+00:00,Resource28,2012-01-31 23:00:00.010000+00:00,General,Group 11,2012-01-31 23:00:00+00:00,Internet,2012-01-19 13:03:29.080000+00:00
case-10946,2011-12-15 00:06:40.010000+00:00,Resource05,2012-02-08 23:00:00.010000+00:00,General,Group 5,2012-02-08 23:00:00+00:00,Internet,
case-10948,2011-12-15 00:06:40.010000+00:00,Resource11,2012-02-08 23:00:00.010000+00:00,General,Group 8,2012-02-08 23:00:00+00:00,Internet,2012-01-12 13:08:04.148000+00:00
case-10950,2011-11-06 23:00:00.010000+00:00,Resource14,2012-01-01 23:00:00.010000+00:00,General,Group 5,2012-01-01 23:00:00+00:00,Internet,
case-10951,2011-12-15 00:06:40.010000+00:00,Resource13,2012-02-08 23:00:00.010000+00:00,General,Group 5,2012-02-08 23:00:00+00:00,Internet,
case-10971,2011-12-16 00:06:40.010000+00:00,Resource13,2012-02-10 23:00:00.010000+00:00,General,Group 5,2012-02-10 23:00:00+00:00,Internet,
case-11006,2011-12-19 00:06:40.010000+00:00,Resource11,2012-02-12 23:00:00.010000+00:00,General,Group 8,2012-02-12 23:00:00+00:00,Internet,2012-01-17 12:54:25.963000+00:00
case-11007,2011-12-19 00:06:40.010000+00:00,Resource05,2012-02-12 23:00:00.010000+00:00,General,Group 5,2012-02-12 23:00:00+00:00,Internet,
case-11048,2011-12-21 00:06:40.010000+00:00,Resource05,2012-02-14 23:00:00.010000+00:00,General,Group 5,2012-02-14 23:00:00+00:00,Internet,
case-11050,2011-12-21 00:06:40.010000+00:00,Resource05,2012-02-14 23:00:00.010000+00:00,General,Group 5,2012-02-14 23:00:00+00:00,Internet,
case-11053,2011-12-21 00:06:40.010000+00:00,Resource05,2012-02-14 23:00:00.010000+00:00,General,Group 5,2012-02-14 23:00:00+00:00,Internet,
case-11058,2011-12-21 00:06:40.010000+00:00,Resource22,2012-02-14 23:00:00.010000+00:00,General,Group 5,2012-02-14 23:00:00+00:00,Internet,
case-11059,2011-12-21 00:06:40.010000+00:00,Resource04,2012-02-14 23:00:00.010000+00:00,General,Group 5,2012-02-14 23:00:00+00:00,Internet,
case-11063,2011-12-21 00:06:40.010000+00:00,Resource04,2012-02-14 23:00:00.010000+00:00,General,Group 5,2012-02-14 23:00:00+00:00,Internet,
case-11080,2011-12-22 00:06:40.010000+00:00,Resource14,2012-02-14 23:00:00.010000+00:00,General,Group 5,2012-02-14 23:00:00+00:00,Internet,
case-11094,2011-12-22 00:06:40.010000+00:00,Resource13,2012-02-15 23:00:00.010000+00:00,General,Group 5,2012-02-15 23:00:00+00:00,Internet,
case-11096,2011-12-22 00:06:40.010000+00:00,Resource06,2012-02-15 23:00:00.010000+00:00,General,Group 5,2012-02-15 23:00:00+00:00,Internet,
case-11115,2011-12-23 00:06:40.010000+00:00,Resource13,2012-02-16 23:00:00.010000+00:00,General,Group 5,2012-02-16 23:00:00+00:00,Internet,
case-11129,2011-12-23 00:06:40.010000+00:00,Resource20,2012-02-16 23:00:00.010000+00:00,General,Group 2,2012-02-16 23:00:00+00:00,Internet,
case-11154,2011-12-27 00:06:40.010000+00:00,Resource06,2012-02-20 23:00:00.010000+00:00,General,Group 5,2012-02-20 23:00:00+00:00,Internet,
case-11214,2012-01-01 00:06:40.010000+00:00,Resource07,2012-02-25 23:00:00.010000+00:00,General,Group 2,2012-03-24 23:00:00+00:00,Internet,
case-11268,2012-01-04 00:06:40.010000+00:00,Resource12,2012-02-28 23:00:00.010000+00:00,General,Group 5,2012-02-28 23:00:00+00:00,Internet,
case-11275,2011-12-22 00:06:40.010000+00:00,Resource22,2012-02-15 23:00:00.010000+00:00,General,Group 5,2012-02-15 23:00:00+00:00,Internet,
case-11375,2011-11-18 00:06:40.010000+00:00,Resource12,2012-01-12 23:00:00.010000+00:00,General,Group 5,2012-01-12 23:00:00+00:00,Internet,2012-01-18 11:40:44.606000+00:00
case-11376,2011-11-21 00:06:40.010000+00:00,Resource02,2012-02-26 23:00:00.010000+00:00,General,Group 5,2012-02-26 23:00:00+00:00,Internet,
case-11378,2011-11-25 00:06:40.010000+00:00,Resource11,2012-01-19 23:00:00.010000+00:00,General,Group 8,2012-01-19 23:00:00+00:00,Internet,2012-01-20 08:12:24.814000+00:00
case-11380,2012-01-09 00:06:40.010000+00:00,Resource06,2012-03-04 23:00:00.010000+00:00,General,Group 5,2012-03-04 23:00:00+00:00,Internet,
case-11399,2011-11-28 23:00:00.010000+00:00,Resource40,2012-01-23 23:00:00.010000+00:00,General,Group 6,2012-01-23 23:00:00+00:00,Internet,2012-01-17 09:01:44.200000+00:00
case-11427,2012-01-11 00:06:40.010000+00:00,Resource05,2012-03-06 23:00:00.010000+00:00,General,Group 5,2012-03-06 23:00:00+00:00,Internet,
case-11437,2012-01-11 00:06:40.010000+00:00,Resource05,2012-03-06 23:00:00.010000+00:00,General,Group 5,2012-03-06 23:00:00+00:00,Internet,2012-01-18 09:25:47.641000+00:00
case-11458,2012-01-12 00:06:40.010000+00:00,Resource05,2012-03-07 23:00:00.010000+00:00,General,Group 5,2012-03-07 23:00:00+00:00,Internet,
case-11460,2012-01-06 00:06:40.010000+00:00,Resource06,2012-03-01 23:00:00.010000+00:00,General,Group 5,2012-03-01 23:00:00+00:00,Desk,
case-11470,2012-01-13 00:06:40.010000+00:00,Resource18,2012-03-01 23:00:00.010000+00:00,General,Group 5,2012-03-08 23:00:00+00:00,Internet,
case-11473,2012-01-13 00:06:40.010000+00:00,Resource18,2012-03-08 23:00:00.010000+00:00,General,Group 5,2012-03-08 23:00:00+00:00,Internet,
case-11481,2012-01-14 00:06:40.010000+00:00,Resource23,2012-03-09 23:00:00.010000+00:00,General,Group 5,2012-03-09 23:00:00+00:00,Internet,
case-11517,2012-01-17 00:06:40.010000+00:00,Resource06,2012-03-12 23:00:00.010000+00:00,General,Group 5,2012-03-12 23:00:00+00:00,Internet,
case-3756,2010-10-03 23:06:40.020000+00:00,Resource02,2010-11-29 00:06:40.010000+00:00,General,,2010-11-29 00:06:40+00:00,Desk,2010-11-29 13:51:06.575000+00:00
case-3766,2010-10-03 23:06:40.020000+00:00,Resource08,2010-11-29 00:06:40.010000+00:00,Experts,,2010-11-29 00:06:40+00:00,Desk,2010-11-29 12:18:50.141000+00:00
case-3818,2010-10-05 23:06:40.020000+00:00,Resource12,2010-12-02 00:06:40.010000+00:00,General,,2010-12-02 00:06:40+00:00,Internet,2011-03-02 07:30:11.985000+00:00
case-3877,2010-10-10 23:06:40.020000+00:00,Resource12,2010-11-30 00:06:40.010000+00:00,General,,2010-11-30 00:06:40+00:00,Internet,2011-03-01 08:23:58.143000+00:00
case-3879,2010-10-10 22:00:00.020000+00:00,Resource01,2010-12-05 23:00:00.010000+00:00,General,,2010-12-05 23:00:00+00:00,Internet,2010-12-06 08:01:13.501000+00:00
case-3926,2010-10-06 22:00:00.020000+00:00,Resource02,2010-12-08 23:00:00.010000+00:00,Experts,,2010-12-08 23:00:00+00:00,e-mail,2011-01-28 14:31:07.302000+00:00
case-3927,2010-10-07 23:06:40.020000+00:00,Resource12,2010-12-03 00:06:40.010000+00:00,General,Group 5,2010-12-03 00:06:40+00:00,e-mail,2011-09-02 09:03:10.777000+00:00
case-3961,2010-10-11 23:06:40.020000+00:00,Resource07,2010-12-13 00:06:40.010000+00:00,General,,2010-12-13 00:06:40+00:00,Desk,2011-01-14 14:34:24.686000+00:00
case-3983,2010-10-11 23:06:40.020000+00:00,Resource06,2010-12-07 00:06:40.010000+00:00,General,,2010-12-07 00:06:40+00:00,Internet,2010-12-20 11:50:32.733000+00:00
case-3984,2010-10-14 23:06:40.020000+00:00,Resource09,2010-12-15 00:06:40.010000+00:00,General,,2010-12-15 00:06:40+00:00,Internet,2010-12-20 23:00:00.010000+00:00
case-3987,2010-10-13 23:06:40.020000+00:00,Resource08,2011-01-05 00:06:40.010000+00:00,Experts,,2011-01-05 00:06:40+00:00,Internet,2011-01-05 14:59:41.857000+00:00
case-3988,2010-10-13 23:06:40.020000+00:00,Resource02,2010-12-15 00:06:40.010000+00:00,Experts,,2010-12-15 00:06:40+00:00,Internet,2010-12-03 12:08:58.576000+00:00
case-3989,2010-10-14 23:06:40.020000+00:00,Resource12,2010-12-10 00:06:40.010000+00:00,General,,2010-12-10 00:06:40+00:00,Internet,2010-12-29 15:18:00.338000+00:00
case-3991,2010-10-14 23:06:40.020000+00:00,Resource04,2010-12-10 00:06:40.010000+00:00,General,,2010-12-10 00:06:40+00:00,Internet,2010-12-08 13:19:25.375000+00:00
case-3995,2010-10-19 23:06:40.020000+00:00,Resource08,2011-01-05 00:06:40.010000+00:00,Experts,,2011-01-05 00:06:40+00:00,Internet,2010-12-28 08:28:09.296000+00:00
case-3997,2010-10-16 23:06:40.020000+00:00,Resource17,2010-12-12 00:06:40.010000+00:00,Experts,,2010-12-12 00:06:40+00:00,Internet,2010-12-02 23:00:00.010000+00:00
case-3998,2010-10-17 23:06:40.020000+00:00,Resource08,2010-12-15 00:06:40.010000+00:00,Experts,,2010-12-15 00:06:40+00:00,Internet,2010-12-15 14:27:27.932000+00:00
case-4000,2010-10-17 23:06:40.020000+00:00,Resource17,2010-12-15 00:06:40.010000+00:00,Experts,,2010-12-15 00:06:40+00:00,Internet,2010-12-01 15:06:48.028000+00:00
case-4008,2010-10-20 22:00:00.020000+00:00,Resource06,2010-12-15 23:00:00.010000+00:00,General,,2010-12-15 23:00:00+00:00,Internet,2010-10-26 13:28:42.703000+00:00
case-4010,2010-10-17 23:06:40.020000+00:00,Resource08,2010-12-13 00:06:40.010000+00:00,Experts,,2010-12-13 00:06:40+00:00,Internet,2010-12-14 15:12:14.310000+00:00
case-4011,2010-10-20 23:06:40.020000+00:00,Resource07,2010-12-14 00:06:40.010000+00:00,General,,2010-12-14 00:06:40+00:00,Internet,2010-12-10 13:12:45.513000+00:00
case-4012,2010-10-19 23:06:40.020000+00:00,Resource01,2010-12-15 00:06:40.010000+00:00,General,,2010-12-15 00:06:40+00:00,Internet,2010-12-10 13:08:36.611000+00:00
case-4013,2010-10-19 23:06:40.020000+00:00,Resource17,2011-02-25 00:06:40.010000+00:00,Experts,,2011-02-25 00:06:40+00:00,Internet,2010-12-24 14:25:31.676000+00:00
case-4014,2010-10-03 22:00:00.020000+00:00,Resource01,2010-12-15 23:00:00.010000+00:00,General,,2010-12-15 23:00:00+00:00,Internet,2010-12-02 12:12:39.256000+00:00
case-4015,2010-10-03 22:00:00.020000+00:00,Resource11,2010-12-15 23:00:00.010000+00:00,General,,2010-12-15 23:00:00+00:00,Internet,2010-11-04 14:37:38.995000+00:00
case-4017,2010-10-17 22:00:00.020000+00:00,Resource07,2010-12-15 23:00:00.010000+00:00,General,,2010-12-15 23:00:00+00:00,Post,2010-12-07 13:49:47.626000+00:00
case-4020,2010-10-11 22:00:00.020000+00:00,Resource07,2010-12-15 23:00:00.010000+00:00,General,,2010-12-15 23:00:00+00:00,Post,2010-12-02 12:54:08.640000+00:00
case-4021,2010-10-11 22:00:00.020000+00:00,Resource01,2010-12-15 23:00:00.010000+00:00,General,,2010-12-15 23:00:00+00:00,Internet,2010-12-06 14:58:40.035000+00:00
case-4024,2010-10-19 22:00:00.020000+00:00,Resource17,2010-12-15 23:00:00.010000+00:00,Experts,,2010-12-15 23:00:00+00:00,Internet,2010-11-30 23:00:00.010000+00:00
case-4025,2010-10-11 22:00:00.020000+00:00,Resource07,2010-12-15 23:00:00.010000+00:00,General,,2010-12-15 23:00:00+00:00,Post,2010-12-06 07:34:01.693000+00:00
case-4027,2010-09-30 23:06:40.020000+00:00,Resource07,2010-12-16 00:06:40.010000+00:00,General,,2010-12-16 00:06:40+00:00,Post,2010-12-02 13:40:49.817000+00:00
case-4028,2010-09-30 22:00:00.020000+00:00,Resource07,2010-12-15 23:00:00.010000+00:00,General,,2010-12-15 23:00:00+00:00,Post,2010-12-02 13:23:04.930000+00:00
case-4057,2010-10-11 22:00:00.020000+00:00,Resource07,2010-12-19 23:00:00.010000+00:00,General,,2010-12-19 23:00:00+00:00,e-mail,2010-12-09 13:16:49.836000+00:00
case-4058,2010-10-03 22:00:00.020000+00:00,Resource07,2010-12-19 23:00:00.010000+00:00,General,,2010-12-19 23:00:00+00:00,e-mail,2010-12-09 12:44:04.791000+00:00
case-4059,2010-10-03 22:00:00.020000+00:00,Resource07,2010-12-19 23:00:00.010000+00:00,General,,2010-12-19 23:00:00+00:00,e-mail,2010-11-30 11:43:36.529000+00:00
case-4060,2010-10-03 22:00:00.020000+00:00,Resource11,2010-12-19 23:00:00.010000+00:00,General,,2010-12-19 23:00:00+00:00,e-mail,2010-12-02 11:43:39.676000+00:00
case-4061,2010-10-03 22:00:00.020000+00:00,Resource01,2010-12-19 23:00:00.010000+00:00,General,,2010-12-19 23:00:00+00:00,e-mail,2010-12-03 09:33:27.505000+00:00
case-4063,2010-10-03 22:00:00.020000+00:00,Resource11,2010-12-19 23:00:00.010000+00:00,General,,2010-12-19 23:00:00+00:00,e-mail,2010-12-10 08:44:08.348000+00:00
case-4071,2010-10-07 22:00:00.020000+00:00,Resource01,2010-12-19 23:00:00.010000+00:00,General,,2010-12-19 23:00:00+00:00,Post,2010-12-03 13:17:45.760000+00:00
case-4077,2010-10-20 23:06:40.020000+00:00,Resource09,2010-12-21 00:06:40.010000+00:00,General,,2010-12-21 00:06:40+00:00,Internet,2010-12-22 14:29:11.843000+00:00
case-4081,2010-10-10 23:06:40.020000+00:00,Resource08,2010-12-21 00:06:40.010000+00:00,Experts,,2010-12-21 00:06:40+00:00,Internet,2010-11-30 14:33:33.288000+00:00
case-4083,2010-10-20 22:00:00.020000+00:00,Resource05,2010-12-20 23:00:00.010000+00:00,General,,2010-12-20 23:00:00+00:00,Internet,2011-01-13 07:57:53.945000+00:00
case-4084,2010-10-20 22:00:00.020000+00:00,Resource06,2010-12-20 23:00:00.010000+00:00,General,,2010-12-20 23:00:00+00:00,Internet,2010-12-20 11:38:26.767000+00:00
case-4085,2010-10-20 22:00:00.020000+00:00,Resource06,2010-12-20 23:00:00.010000+00:00,General,,2010-12-20 23:00:00+00:00,Internet,2010-12-20 11:49:39.180000+00:00
case-4100,2010-10-20 22:00:00.020000+00:00,Resource09,2010-12-22 23:00:00.010000+00:00,General,,2010-12-22 23:00:00+00:00,Internet,2010-12-22 13:43:48.030000+00:00
case-4101,2010-10-20 23:06:40.020000+00:00,Resource05,2010-12-23 00:06:40.010000+00:00,General,,2010-12-23 00:06:40+00:00,Internet,2011-02-04 08:40:40.613000+00:00
case-4102,2010-10-20 22:00:00.020000+00:00,Resource08,2010-12-22 23:00:00.010000+00:00,Experts,,2010-12-22 23:00:00+00:00,Internet,2010-12-30 10:23:06.047000+00:00
case-4103,2010-10-20 23:06:40.020000+00:00,Resource01,2010-12-16 00:06:40.010000+00:00,General,,2010-12-16 00:06:40+00:00,Internet,2010-12-10 13:39:00.949000+00:00
case-4111,2010-10-22 23:06:40.020000+00:00,Resource02,2011-05-04 23:06:40.020000+00:00,General,,2011-05-04 23:06:40+00:00,Internet,2011-04-12 22:00:00.020000+00:00
case-4114,2010-10-23 23:06:40.020000+00:00,Resource08,2010-12-24 00:06:40.010000+00:00,General,,2010-12-24 00:06:40+00:00,Internet,2010-12-30 11:12:57.114000+00:00
case-4117,2010-10-24 23:06:40.020000+00:00,Resource34,2010-12-20 00:06:40.010000+00:00,General,,2010-12-20 00:06:40+00:00,Internet,2010-12-10 12:41:17.791000+00:00
case-4118,2010-10-24 23:06:40.020000+00:00,Resource04,2010-12-28 00:06:40.010000+00:00,General,,2010-12-28 00:06:40+00:00,Internet,2010-12-31 09:00:12.259000+00:00
case-4119,2010-10-25 23:06:40.020000+00:00,Resource11,2010-12-21 00:06:40.010000+00:00,General,,2010-12-21 00:06:40+00:00,Internet,2010-12-17 08:22:09.134000+00:00
case-4144,2010-10-25 23:06:40.020000+00:00,Resource07,2010-12-21 00:06:40.010000+00:00,General,,2010-12-21 00:06:40+00:00,Internet,2011-01-14 14:36:37.929000+00:00
case-4146,2010-10-25 23:06:40.020000+00:00,Resource06,2010-12-21 00:06:40.010000+00:00,General,,2010-12-21 00:06:40+00:00,Internet,2010-12-15 13:45:23.624000+00:00
case-4147,2010-10-25 23:06:40.020000+00:00,Resource02,2010-12-21 00:06:40.010000+00:00,General,,2010-12-21 00:06:40+00:00,Internet,2011-01-21 11:03:50.618000+00:00
case-4149,2010-10-25 23:06:40.020000+00:00,Resource08,2010-12-21 00:06:40.010000+00:00,General,,2010-12-21 00:06:40+00:00,Internet,2010-12-17 11:04:02.816000+00:00
case-4157,2010-10-25 23:06:40.020000+00:00,Resource11,2010-12-21 00:06:40.010000+00:00,Customer contact,,2010-12-21 00:06:40+00:00,Internet,2010-12-17 09:21:41.974000+00:00
case-4158,2010-10-25 23:06:40.020000+00:00,Resource11,2010-12-21 00:06:40.010000+00:00,Customer contact,,2010-12-21 00:06:40+00:00,Internet,2011-01-14 10:39:10.177000+00:00
case-4159,2010-10-26 23:06:40.020000+00:00,Resource02,2010-12-22 00:06:40.010000+00:00,General,,2010-12-22 00:06:40+00:00,Internet,2010-12-21 13:28:26.692000+00:00
case-416,2010-09-30 23:06:40.020000+00:00,Resource26,2010-11-26 00:06:40.010000+00:00,General,,2010-11-26 00:06:40+00:00,Internet,
case-4161,2010-10-26 23:06:40.020000+00:00,Resource15,2010-12-27 00:06:40.010000+00:00,General,,2010-12-27 00:06:40+00:00,Internet,2011-02-07 09:04:22.258000+00:00
case-4175,2010-10-07 22:00:00.020000+00:00,Resource25,2010-12-07 23:00:00.010000+00:00,General,,2010-12-07 23:00:00+00:00,Internet,2010-12-09 08:06:23.826000+00:00
case-4185,2010-10-27 23:06:40.020000+00:00,Resource11,2010-12-23 00:06:40.010000+00:00,Customer contact,,2010-12-23 00:06:40+00:00,Internet,2010-12-16 14:30:50.573000+00:00
case-4186,2010-10-28 22:00:00.020000+00:00,Resource11,2010-12-28 23:00:00.010000+00:00,General,,2010-12-28 23:00:00+00:00,Internet,2011-01-10 14:40:27.145000+00:00
case-4187,2010-10-31 01:06:40.020000+00:00,Resource11,2010-12-26 00:06:40.010000+00:00,Customer contact,,2010-12-26 00:06:40+00:00,Internet,2010-12-23 07:38:15.922000+00:00
case-4188,2010-10-19 22:00:00.020000+00:00,Resource09,2010-12-28 23:00:00.010000+00:00,General,,2010-12-28 23:00:00+00:00,Internet,2010-12-22 11:00:45.003000+00:00
case-4189,2010-10-24 23:06:40.020000+00:00,Resource06,2010-12-20 00:06:40.010000+00:00,General,,2010-12-20 00:06:40+00:00,Internet,2010-12-20 11:36:27.539000+00:00
case-4208,2010-11-02 00:06:40.010000+00:00,Resource11,2010-12-28 00:06:40.010000+00:00,General,,2010-12-28 00:06:40+00:00,Internet,2010-12-20 10:17:48.529000+00:00
case-4219,2010-10-06 22:00:00.020000+00:00,Resource02,2010-12-30 23:00:00.010000+00:00,General,,2010-12-30 23:00:00+00:00,Internet,2011-03-29 13:16:05.641000+00:00
case-4243,2010-11-03 00:06:40.010000+00:00,Resource11,2010-12-29 00:06:40.010000+00:00,Customer contact,,2010-12-29 00:06:40+00:00,Internet,2010-12-23 07:11:02.555000+00:00
case-4247,2010-11-03 00:06:40.010000+00:00,Resource07,2010-12-29 00:06:40.010000+00:00,General,,2010-12-29 00:06:40+00:00,Internet,2010-12-23 08:28:01.451000+00:00
case-4248,2010-10-13 23:06:40.020000+00:00,Resource06,2011-01-03 00:06:40.010000+00:00,General,,2011-01-03 00:06:40+00:00,Internet,2010-12-20 11:50:05.982000+00:00
case-4249,2010-11-03 00:06:40.010000+00:00,Resource11,2010-12-29 00:06:40.010000+00:00,General,,2010-12-29 00:06:40+00:00,Internet,2010-12-21 08:21:08.535000+00:00
case-4251,2010-10-12 22:00:00.020000+00:00,Resource05,2011-01-02 23:00:00.010000+00:00,General,,2011-01-02 23:00:00+00:00,Internet,2010-12-29 09:22:32.417000+00:00
case-4255,2010-11-04 00:06:40.010000+00:00,Resource01,2010-12-30 00:06:40.010000+00:00,General,,2010-12-30 00:06:40+00:00,Internet,2010-12-16 14:21:14.531000+00:00
case-4274,2010-11-04 00:06:40.010000+00:00,Resource17,2010-12-30 00:06:40.010000+00:00,General,,2010-12-30 00:06:40+00:00,Internet,2010-12-24 10:59:41.447000+00:00
case-4277,2010-11-04 00:06:40.010000+00:00,Resource02,2010-12-30 00:06:40.010000+00:00,General,,2010-12-30 00:06:40+00:00,Internet,2011-03-15 09:58:41.393000+00:00
case-4279,2010-10-14 23:06:40.020000+00:00,Resource12,2010-12-10 00:06:40.010000+00:00,General,,2010-12-10 00:06:40+00:00,Internet,2011-03-02 07:30:51.773000+00:00
case-4317,2010-11-04 00:06:40.010000+00:00,Resource08,2010-12-30 00:06:40.010000+00:00,General,,2010-12-30 00:06:40+00:00,Internet,2010-12-29 11:44:23.411000+00:00
case-4319,2010-11-05 00:06:40.010000+00:00,Resource11,2010-12-31 00:06:40.010000+00:00,General,,2010-12-31 00:06:40+00:00,Internet,2010-12-17 14:00:28.299000+00:00
case-4328,2010-11-12 23:00:00.010000+00:00,Resource51,2011-01-07 23:00:00.010000+00:00,General,,2011-01-07 23:00:00+00:00,Internet,2011-03-21 11:35:29.160000+00:00
case-4344,2010-11-14 23:00:00.010000+00:00,Resource21,2011-01-09 23:00:00.010000+00:00,General,,2011-01-09 23:00:00+00:00,Internet,2011-04-04 12:05:56.004000+00:00
case-4345,2010-11-14 23:00:00.010000+00:00,Resource21,2011-01-09 23:00:00.010000+00:00,General,,2011-01-09 23:00:00+00:00,Internet,2010-11-30 13:25:46.767000+00:00
case-4346,2010-11-14 23:00:00.010000+00:00,Resource21,2011-01-09 23:00:00.010000+00:00,General,,2011-01-09 23:00:00+00:00,Internet,2011-08-18 06:42:21.805000+00:00
case-4347,2010-11-09 23:00:00.010000+00:00,Resource26,2011-01-09 23:00:00.010000+00:00,General,,2011-01-09 23:00:00+00:00,Internet,2010-11-23 14:37:50.423000+00:00
case-4348,2010-11-09 23:00:00.010000+00:00,Resource26,2011-01-09 23:00:00.010000+00:00,General,,2011-01-09 23:00:00+00:00,Internet,2010-11-23 14:47:48.446000+00:00
case-4349,2010-11-09 23:00:00.010000+00:00,Resource26,2011-01-09 23:00:00.010000+00:00,General,,2011-01-09 23:00:00+00:00,Internet,2010-11-23 14:48:24.623000+00:00
case-4350,2010-11-09 23:00:00.010000+00:00,Resource26,2011-01-09 23:00:00.010000+00:00,General,,2011-01-09 23:00:00+00:00,Internet,2011-01-19 09:12:27.752000+00:00
case-4363,2010-11-09 23:00:00.010000+00:00,Resource26,2011-01-09 23:00:00.010000+00:00,General,,2011-01-09 23:00:00+00:00,Internet,2010-11-23 14:59:10.740000+00:00
case-4380,2010-11-01 00:06:40.010000+00:00,Resource15,2010-12-23 00:06:40.010000+00:00,General,,2010-12-23 00:06:40+00:00,Internet,2010-12-22 15:21:33.700000+00:00
case-4384,2010-11-05 00:06:40.010000+00:00,Resource01,2010-12-31 00:06:40.010000+00:00,General,,2010-12-31 00:06:40+00:00,Internet,2010-12-14 15:11:07.326000+00:00
case-4388,2010-10-20 23:06:40.020000+00:00,Resource04,2010-12-16 00:06:40.010000+00:00,General,,2010-12-16 00:06:40+00:00,Internet,2010-12-13 13:06:03.626000+00:00
case-4389,2010-10-27 22:00:00.020000+00:00,Resource04,2011-01-10 23:00:00.010000+00:00,General,,2011-01-10 23:00:00+00:00,Internet,2010-11-23 14:58:37.623000+00:00
case-4394,2010-11-10 00:06:40.010000+00:00,Resource14,2011-01-05 00:06:40.010000+00:00,General,,2011-01-05 00:06:40+00:00,Internet,2010-12-14 23:00:00.010000+00:00
case-4395,2010-11-08 00:06:40.010000+00:00,Resource01,2011-01-03 00:06:40.010000+00:00,General,,2011-01-03 00:06:40+00:00,Internet,2010-12-23 07:12:42.801000+00:00
case-4396,2010-11-04 00:06:40.010000+00:00,Resource07,2010-12-30 00:06:40.010000+00:00,General,,2010-12-30 00:06:40+00:00,Internet,2010-12-23 07:12:07.587000+00:00
case-4397,2010-11-10 00:06:40.010000+00:00,Resource11,2011-01-05 00:06:40.010000+00:00,Customer contact,,2011-01-05 00:06:40+00:00,Internet,2011-01-03 10:20:14.128000+00:00
case-4401,2010-10-24 23:06:40.020000+00:00,Resource11,2010-12-20 00:06:40.010000+00:00,Customer contact,,2010-12-20 00:06:40+00:00,Internet,2010-12-10 13:27:40.740000+00:00
case-4403,2010-10-25 23:06:40.020000+00:00,Resource11,2011-01-12 00:06:40.010000+00:00,General,,2011-01-12 00:06:40+00:00,Internet,2010-12-17 07:49:03.043000+00:00
case-4407,2010-10-25 23:06:40.020000+00:00,Resource34,2011-12-21 00:06:40.010000+00:00,General,,2011-12-21 00:06:40+00:00,Internet,2010-12-17 08:10:48.138000+00:00
case-4408,2010-11-12 00:06:40.010000+00:00,Resource11,2011-01-07 00:06:40.010000+00:00,Customer contact,,2011-01-07 00:06:40+00:00,Internet,2010-12-30 10:54:42.174000+00:00
case-4410,2010-11-05 00:06:40.010000+00:00,Resource11,2010-12-31 00:06:40.010000+00:00,General,,2010-12-31 00:06:40+00:00,Internet,2010-12-21 15:58:51.915000+00:00
case-4411,2010-11-05 00:06:40.010000+00:00,Resource15,2010-12-31 00:06:40.010000+00:00,General,,2010-12-31 00:06:40+00:00,Internet,2011-01-21 15:16:25.452000+00:00
case-4413,2010-11-05 00:06:40.010000+00:00,Resource11,2010-12-31 00:06:40.010000+00:00,General,,2010-12-31 00:06:40+00:00,Internet,2010-12-23 07:10:26.014000+00:00
case-4414,2010-10-19 23:06:40.020000+00:00,Resource04,2010-12-15 00:06:40.010000+00:00,General,,2010-12-15 00:06:40+00:00,Internet,2010-12-20 13:49:55.261000+00:00
case-4437,2010-11-08 00:06:40.010000+00:00,Resource15,2011-01-03 00:06:40.010000+00:00,General,,2011-01-03 00:06:40+00:00,Internet,2011-01-14 10:39:00.429000+00:00
case-4498,2010-11-08 00:06:40.010000+00:00,Resource01,2011-01-03 00:06:40.010000+00:00,General,,2011-01-03 00:06:40+00:00,Internet,2010-12-27 08:32:51.456000+00:00
case-4500,2010-10-11 22:00:00.020000+00:00,Resource04,2010-12-06 23:00:00.010000+00:00,General,,2010-12-06 23:00:00+00:00,Internet,2010-12-07 09:30:13.041000+00:00
case-4502,2010-11-08 00:06:40.010000+00:00,Resource01,2011-01-03 00:06:40.010000+00:00,General,,2011-01-03 00:06:40+00:00,Internet,2010-12-27 08:33:21.478000+00:00
case-4503,2010-11-01 23:00:00.010000+00:00,Resource17,2010-12-27 23:00:00.010000+00:00,General,,2010-12-27 23:00:00+00:00,Internet,2010-12-24 10:31:03.532000+00:00
case-4504,2010-11-04 23:00:00.010000+00:00,Resource05,2010-12-30 23:00:00.010000+00:00,General,,2010-12-30 23:00:00+00:00,Internet,2010-12-29 09:59:05.066000+00:00
case-4505,2010-11-04 00:06:40.010000+00:00,Resource17,2011-02-10 00:06:40.010000+00:00,General,,2011-02-10 00:06:40+00:00,Internet,2011-02-08 12:23:14.212000+00:00
case-4509,2010-11-08 23:00:00.010000+00:00,Resource15,2011-01-03 23:00:00.010000+00:00,General,,2011-01-03 23:00:00+00:00,Internet,2010-12-29 14:36:23.770000+00:00
case-4511,2010-11-09 23:00:00.010000+00:00,Resource08,2011-01-04 23:00:00.010000+00:00,General,,2011-01-04 23:00:00+00:00,Internet,2011-01-05 13:46:51.620000+00:00
case-4512,2010-11-12 00:06:40.010000+00:00,Resource02,2011-05-25 23:06:40.020000+00:00,General,,2011-05-25 23:06:40+00:00,Internet,2011-04-19 11:21:09.087000+00:00
case-4513,2010-11-16 00:06:40.010000+00:00,Resource15,2011-01-11 00:06:40.010000+00:00,General,,2011-01-11 00:06:40+00:00,Internet,2011-01-07 13:47:52.474000+00:00
case-4515,2010-11-08 00:06:40.010000+00:00,Resource07,2011-01-03 00:06:40.010000+00:00,General,,2011-01-03 00:06:40+00:00,Internet,2010-12-17 14:13:58.294000+00:00
case-4516,2010-11-17 00:06:40.010000+00:00,Resource17,2011-01-12 00:06:40.010000+00:00,General,,2011-01-12 00:06:40+00:00,Internet,2011-01-10 10:01:52.963000+00:00
case-4517,2010-11-16 23:00:00.010000+00:00,Resource01,2011-01-11 23:00:00.010000+00:00,General,,2011-01-11 23:00:00+00:00,Internet,2011-01-04 08:31:35.967000+00:00
case-4518,2010-11-16 23:00:00.010000+00:00,Resource05,2011-01-11 23:00:00.010000+00:00,General,,2011-01-11 23:00:00+00:00,Internet,2010-12-13 09:05:15.332000+00:00
case-4519,2010-11-17 00:06:40.010000+00:00,Resource01,2011-01-12 00:06:40.010000+00:00,General,,2011-01-12 00:06:40+00:00,Internet,2010-12-24 09:59:35.765000+00:00
case-4526,2010-11-09 00:06:40.010000+00:00,Resource08,2011-01-04 00:06:40.010000+00:00,General,,2011-01-04 00:06:40+00:00,Internet,2011-01-04 14:11:30.255000+00:00
case-4527,2010-11-18 00:06:40.010000+00:00,Resource02,2011-02-24 00:06:40.010000+00:00,General,,2011-02-24 00:06:40+00:00,Internet,2011-01-31 10:39:05.417000+00:00
case-4529,2010-11-17 23:00:00.010000+00:00,Resource02,2011-01-12 23:00:00.010000+00:00,General,,2011-01-12 23:00:00+00:00,Internet,2011-01-28 12:14:26.380000+00:00
case-4532,2010-11-19 00:06:40.010000+00:00,Resource05,2011-01-14 00:06:40.010000+00:00,General,,2011-01-14 00:06:40+00:00,Internet,2010-12-22 09:20:02.829000+00:00
case-4533,2010-11-09 00:06:40.010000+00:00,Resource02,2011-01-04 00:06:40.010000+00:00,General,,2011-01-04 00:06:40+00:00,Internet,2010-12-16 23:00:00.010000+00:00
case-4534,2010-11-09 00:06:40.010000+00:00,Resource01,2011-01-04 00:06:40.010000+00:00,General,,2011-01-04 00:06:40+00:00,Internet,2011-01-10 12:23:01.068000+00:00
case-4537,2010-11-09 00:06:40.010000+00:00,Resource12,2011-01-04 00:06:40.010000+00:00,General,,2011-01-04 00:06:40+00:00,Internet,
case-4538,2010-11-09 00:06:40.010000+00:00,Resource01,2011-01-04 00:06:40.010000+00:00,General,,2011-01-04 00:06:40+00:00,Internet,2010-12-24 09:32:30.453000+00:00
case-4539,2010-10-28 22:00:00.020000+00:00,Resource09,2010-12-23 23:00:00.010000+00:00,General,,2010-12-23 23:00:00+00:00,Internet,2010-12-24 13:55:51.294000+00:00
case-4540,2010-11-23 23:00:00.010000+00:00,Resource07,2011-01-18 23:00:00.010000+00:00,General,,2011-01-18 23:00:00+00:00,Internet,2010-12-23 14:15:58.399000+00:00
case-4546,2010-11-24 23:00:00.010000+00:00,Resource05,2011-01-19 23:00:00.010000+00:00,General,,2011-01-19 23:00:00+00:00,Internet,2011-01-12 13:38:39.025000+00:00
case-4553,2010-11-09 00:06:40.010000+00:00,Resource02,2011-01-04 00:06:40.010000+00:00,General,,2011-02-15 00:06:40+00:00,Internet,2011-01-19 12:55:58.483000+00:00
case-4554,2010-11-09 00:06:40.010000+00:00,Resource01,2011-01-04 00:06:40.010000+00:00,General,,2011-01-04 00:06:40+00:00,Internet,2011-01-04 08:32:14.134000+00:00
case-4555,2010-11-10 00:06:40.010000+00:00,Resource08,2011-01-05 00:06:40.010000+00:00,General,,2011-01-05 00:06:40+00:00,Internet,2010-12-03 23:00:00.010000+00:00
case-4556,2010-11-10 00:06:40.010000+00:00,Resource04,2011-01-05 00:06:40.010000+00:00,General,,2011-01-05 00:06:40+00:00,Internet,2011-01-04 09:04:20.408000+00:00
case-4559,2010-11-11 00:06:40.010000+00:00,Resource01,2011-01-06 00:06:40.010000+00:00,General,,2011-01-06 00:06:40+00:00,Internet,2011-01-31 11:44:28.588000+00:00
case-4560,2010-11-12 00:06:40.010000+00:00,Resource01,2011-01-07 00:06:40.010000+00:00,General,,2011-01-07 00:06:40+00:00,Internet,2011-01-04 08:31:19.742000+00:00
case-4563,2010-11-12 00:06:40.010000+00:00,Resource01,2011-01-07 00:06:40.010000+00:00,General,,2011-01-07 00:06:40+00:00,Internet,2011-01-10 14:39:15.646000+00:00
case-4565,2010-11-12 00:06:40.010000+00:00,Resource17,2011-01-21 00:06:40.010000+00:00,General,,2011-01-21 00:06:40+00:00,Internet,2011-01-21 10:50:25.729000+00:00
case-4582,2010-11-13 00:06:40.010000+00:00,Resource07,2011-01-08 00:06:40.010000+00:00,General,,2011-01-08 00:06:40+00:00,Internet,2010-12-23 07:16:13.446000+00:00
case-4583,2010-11-13 00:06:40.010000+00:00,Resource07,2011-01-08 00:06:40.010000+00:00,General,,2011-01-08 00:06:40+00:00,Internet,2010-12-31 14:49:44.284000+00:00
case-4584,2010-11-13 00:06:40.010000+00:00,Resource02,2011-01-08 00:06:40.010000+00:00,General,,2011-01-08 00:06:40+00:00,Internet,2011-01-10 11:34:51.330000+00:00
case-4585,2010-11-15 00:06:40.010000+00:00,Resource01,2011-01-10 00:06:40.010000+00:00,General,,2011-01-10 00:06:40+00:00,Internet,2011-01-05 08:19:52.557000+00:00
case-4586,2010-11-15 00:06:40.010000+00:00,Resource02,2011-01-10 00:06:40.010000+00:00,General,,2011-01-10 00:06:40+00:00,Internet,2011-01-11 15:28:31.047000+00:00
case-4587,2010-11-15 00:06:40.010000+00:00,Resource17,2011-01-10 00:06:40.010000+00:00,General,,2011-01-10 00:06:40+00:00,Internet,2011-01-07 13:10:30.410000+00:00
case-4589,2010-11-16 00:06:40.010000+00:00,Resource07,2011-01-11 00:06:40.010000+00:00,General,,2011-01-11 00:06:40+00:00,Internet,2010-12-24 11:27:38.174000+00:00
case-4592,2010-11-16 00:06:40.010000+00:00,Resource07,2011-01-11 00:06:40.010000+00:00,General,,2011-01-11 00:06:40+00:00,Internet,2010-12-30 11:29:20.384000+00:00
case-4598,2010-11-24 00:06:40.010000+00:00,Resource34,2011-01-19 00:06:40.010000+00:00,General,,2011-01-19 00:06:40+00:00,Internet,2010-12-17 10:50:32.847000+00:00
case-4599,2010-11-17 00:06:40.010000+00:00,Resource02,2011-01-12 00:06:40.010000+00:00,General,,2011-01-12 00:06:40+00:00,Internet,2011-01-10 14:10:36.074000+00:00
case-4600,2010-11-16 00:06:40.010000+00:00,admin1,2011-01-11 00:06:40.010000+00:00,General,,2011-01-11 00:06:40+00:00,Internet,2011-05-16 11:03:56.250000+00:00
case-4601,2010-11-17 00:06:40.010000+00:00,Resource12,2011-01-12 00:06:40.010000+00:00,General,,2011-01-12 00:06:40+00:00,Internet,2011-09-19 14:50:59.362000+00:00
case-4602,2010-11-16 23:00:00.010000+00:00,Resource17,2011-01-25 23:00:00.010000+00:00,General,,2011-01-25 23:00:00+00:00,Internet,2011-01-28 11:28:46.892000+00:00
case-4603,2010-11-17 00:06:40.010000+00:00,Resource07,2011-01-12 00:06:40.010000+00:00,General,,2011-01-12 00:06:40+00:00,Internet,2010-12-24 11:11:58.365000+00:00
case-4604,2010-11-16 23:00:00.010000+00:00,Resource07,2011-01-11 23:00:00.010000+00:00,General,,2011-01-11 23:00:00+00:00,Internet,2010-12-24 10:08:17.541000+00:00
case-4605,2010-11-16 23:00:00.010000+00:00,Resource04,2011-01-11 23:00:00.010000+00:00,General,,2011-01-11 23:00:00+00:00,Internet,2011-02-02 13:42:57.829000+00:00
case-4608,2010-11-17 00:06:40.010000+00:00,Resource04,2011-02-21 00:06:40.010000+00:00,General,,2011-02-21 00:06:40+00:00,Internet,2011-02-18 11:15:49.689000+00:00
case-4619,2010-11-17 23:00:00.010000+00:00,Resource08,2011-01-12 23:00:00.010000+00:00,General,,2011-01-12 23:00:00+00:00,Internet,2011-01-13 11:29:05.367000+00:00
case-4623,2010-11-17 23:00:00.010000+00:00,Resource07,2011-01-12 23:00:00.010000+00:00,General,,2011-01-12 23:00:00+00:00,Internet,2010-12-10 08:36:48.051000+00:00
case-4632,2010-11-18 00:06:40.010000+00:00,Resource07,2011-01-13 00:06:40.010000+00:00,General,,2011-01-13 00:06:40+00:00,Internet,2011-01-10 13:46:35.026000+00:00
case-4633,2010-10-11 23:06:40.020000+00:00,Resource26,2010-12-07 00:06:40.010000+00:00,General,,2010-12-07 00:06:40+00:00,Internet,2011-01-19 09:13:08.646000+00:00
case-4639,2010-11-19 23:00:00.010000+00:00,Resource01,2011-01-14 23:00:00.010000+00:00,General,,2011-01-14 23:00:00+00:00,Internet,2010-12-27 15:13:22.464000+00:00
case-4640,2010-11-20 23:00:00.010000+00:00,Resource08,2011-01-15 23:00:00.010000+00:00,General,,2011-01-15 23:00:00+00:00,Internet,2011-01-10 12:18:15.437000+00:00
case-4641,2010-11-21 23:00:00.010000+00:00,Resource07,2011-01-16 23:00:00.010000+00:00,General,,2011-01-16 23:00:00+00:00,Internet,2010-12-27 15:24:10.172000+00:00
case-4653,2010-11-19 00:06:40.010000+00:00,Resource15,2011-01-14 00:06:40.010000+00:00,General,,2011-01-14 00:06:40+00:00,Internet,2011-01-17 15:42:46.600000+00:00
case-4654,2010-11-22 00:06:40.010000+00:00,Resource15,2011-01-17 00:06:40.010000+00:00,General,,2011-01-17 00:06:40+00:00,Internet,2011-01-14 14:44:16.899000+00:00
case-4656,2010-11-23 00:06:40.010000+00:00,Resource17,2011-03-14 00:06:40.010000+00:00,General,,2011-03-14 00:06:40+00:00,Internet,2011-02-22 23:00:00.010000+00:00
case-4666,2010-11-23 00:06:40.010000+00:00,Resource08,2011-01-18 00:06:40.010000+00:00,General,,2011-01-18 00:06:40+00:00,Internet,2011-01-18 08:52:21.599000+00:00
case-4667,2010-12-05 23:00:00.010000+00:00,Resource12,2011-01-30 23:00:00.010000+00:00,General,,2011-01-30 23:00:00+00:00,Internet,2011-01-26 14:10:16.721000+00:00
case-4677,2011-01-03 00:06:40.010000+00:00,Resource15,2011-02-28 00:06:40.010000+00:00,General,,2011-02-28 00:06:40+00:00,Internet,2011-02-25 08:44:56.521000+00:00
case-4678,2010-11-22 23:00:00.010000+00:00,Resource07,2011-01-17 23:00:00.010000+00:00,General,,2011-01-17 23:00:00+00:00,Internet,2010-12-24 12:53:53.755000+00:00
case-4680,2010-11-23 23:00:00.010000+00:00,Resource07,2011-01-18 23:00:00.010000+00:00,General,,2011-01-18 23:00:00+00:00,Internet,2011-01-10 15:17:53.605000+00:00
case-4683,2010-11-23 23:00:00.010000+00:00,Resource07,2011-01-18 23:00:00.010000+00:00,General,,2011-01-18 23:00:00+00:00,Internet,2011-01-20 08:42:03.621000+00:00
case-4687,2010-11-24 23:00:00.010000+00:00,Resource11,2011-01-19 23:00:00.010000+00:00,General,,2011-01-19 23:00:00+00:00,Internet,2011-01-10 12:21:56.701000+00:00
case-4758,2010-11-24 00:06:40.010000+00:00,Resource08,2011-03-12 00:06:40.010000+00:00,General,,2011-03-12 00:06:40+00:00,Internet,2011-03-09 09:12:00.243000+00:00
case-4759,2010-11-18 00:06:40.010000+00:00,Resource15,2011-01-13 00:06:40.010000+00:00,General,,2011-01-13 00:06:40+00:00,Internet,2011-02-08 14:45:37.389000+00:00
case-4760,2010-11-25 00:06:40.010000+00:00,Resource11,2011-01-20 00:06:40.010000+00:00,General,,2011-01-20 00:06:40+00:00,Internet,2011-01-10 11:42:32.647000+00:00
case-4762,2010-11-18 00:06:40.010000+00:00,Resource25,2011-01-13 00:06:40.010000+00:00,General,,2011-01-13 00:06:40+00:00,Desk,2011-02-02 08:55:29.925000+00:00
case-4763,2010-11-29 00:06:40.010000+00:00,Resource04,2011-02-09 00:06:40.010000+00:00,General,,2011-02-09 00:06:40+00:00,Internet,2011-02-08 14:46:11.268000+00:00
case-4764,2010-11-29 00:06:40.010000+00:00,Resource08,2011-01-24 00:06:40.010000+00:00,General,,2011-01-24 00:06:40+00:00,Internet,2011-02-02 12:27:54.785000+00:00
case-4765,2010-11-29 23:00:00.010000+00:00,Resource07,2011-01-24 23:00:00.010000+00:00,General,,2011-01-24 23:00:00+00:00,Internet,2011-01-13 08:53:06.668000+00:00
case-4766,2010-11-04 23:00:00.010000+00:00,Resource07,2010-12-30 23:00:00.010000+00:00,General,,2010-12-30 23:00:00+00:00,Post,2010-12-23 07:11:45.103000+00:00
case-4767,2010-11-30 00:06:40.010000+00:00,Resource17,2011-01-25 00:06:40.010000+00:00,General,,2011-01-25 00:06:40+00:00,Internet,2011-01-28 13:06:44.443000+00:00
case-4769,2010-11-29 23:00:00.010000+00:00,Resource11,2011-01-24 23:00:00.010000+00:00,General,,2011-01-24 23:00:00+00:00,Internet,2011-01-06 08:08:32.961000+00:00
case-4771,2010-11-30 00:06:40.010000+00:00,Resource15,2011-05-30 23:06:40.020000+00:00,General,,2011-05-30 23:06:40+00:00,Internet,2011-04-07 13:40:43.697000+00:00
case-4773,2010-11-29 23:00:00.010000+00:00,Resource04,2011-01-24 23:00:00.010000+00:00,General,,2011-01-24 23:00:00+00:00,Internet,2011-01-26 15:07:58.280000+00:00
case-4774,2010-11-24 23:00:00.010000+00:00,Resource07,2011-01-19 23:00:00.010000+00:00,General,,2011-01-19 23:00:00+00:00,Internet,2011-01-14 14:56:17.205000+00:00
case-4777,2010-11-24 23:00:00.010000+00:00,Resource11,2011-01-19 23:00:00.010000+00:00,General,,2011-01-19 23:00:00+00:00,Internet,2011-01-11 08:00:56.175000+00:00
case-4778,2010-11-25 23:00:00.010000+00:00,Resource07,2011-01-20 23:00:00.010000+00:00,General,,2011-01-20 23:00:00+00:00,Internet,2011-01-07 11:06:15.036000+00:00
case-4779,2010-11-27 23:00:00.010000+00:00,Resource11,2011-01-22 23:00:00.010000+00:00,General,,2011-01-22 23:00:00+00:00,Internet,2011-01-20 14:34:07.266000+00:00
case-4780,2010-11-24 23:00:00.010000+00:00,Resource07,2011-01-19 23:00:00.010000+00:00,General,,2011-01-19 23:00:00+00:00,Post,2011-01-13 08:39:30.383000+00:00
case-4781,2010-10-25 22:00:00.020000+00:00,Resource07,2010-12-20 23:00:00.010000+00:00,General,,2010-12-20 23:00:00+00:00,Desk,2010-12-17 13:50:32.046000+00:00
case-4806,2010-11-29 23:00:00.010000+00:00,Resource34,2011-01-24 23:00:00.010000+00:00,General,,2011-01-24 23:00:00+00:00,Post,2011-01-07 11:27:29.250000+00:00
case-4807,2010-11-30 00:06:40.010000+00:00,Resource22,2011-01-25 00:06:40.010000+00:00,General,,2011-04-04 23:06:40+00:00,Desk,2011-04-01 13:58:08.848000+00:00
case-4808,2010-12-01 23:00:00.010000+00:00,Resource15,2011-01-26 23:00:00.010000+00:00,General,,2011-01-26 23:00:00+00:00,Desk,2011-02-08 14:10:58.033000+00:00
case-4809,2010-12-02 23:00:00.010000+00:00,Resource07,2011-01-27 23:00:00.010000+00:00,General,,2011-01-27 23:00:00+00:00,Post,2011-01-13 11:22:49.908000+00:00
case-4810,2010-12-02 23:00:00.010000+00:00,Resource07,2011-01-27 23:00:00.010000+00:00,General,,2011-01-27 23:00:00+00:00,Post,2011-01-13 10:32:30.318000+00:00
case-4811,2010-12-08 23:00:00.010000+00:00,Resource07,2011-02-02 23:00:00.010000+00:00,General,,2011-02-02 23:00:00+00:00,Desk,2011-01-20 12:03:01.643000+00:00
case-4814,2010-11-30 23:00:00.010000+00:00,Resource07,2011-01-25 23:00:00.010000+00:00,General,,2011-01-25 23:00:00+00:00,Internet,2011-01-10 12:20:26.529000+00:00
case-4827,2010-12-01 00:06:40.010000+00:00,Resource34,2011-01-26 00:06:40.010000+00:00,General,,2011-01-26 00:06:40+00:00,Internet,2011-01-14 14:56:54.775000+00:00
case-4832,2010-11-17 23:00:00.010000+00:00,Resource12,2011-01-12 23:00:00.010000+00:00,General,,2011-01-12 23:00:00+00:00,Post,2010-12-31 09:44:23.501000+00:00
case-4833,2010-11-30 23:00:00.010000+00:00,Resource07,2011-01-25 23:00:00.010000+00:00,General,,2011-01-25 23:00:00+00:00,Internet,2011-01-13 10:08:01.835000+00:00
case-4834,2010-11-30 23:00:00.010000+00:00,Resource11,2011-01-25 23:00:00.010000+00:00,General,,2011-01-25 23:00:00+00:00,Internet,2011-01-06 08:46:31.789000+00:00
case-4837,2010-12-01 00:06:40.010000+00:00,Resource07,2011-01-26 00:06:40.010000+00:00,General,,2011-01-26 00:06:40+00:00,Internet,2011-01-25 16:04:40.546000+00:00
case-4891,2010-11-30 23:00:00.010000+00:00,Resource11,2011-01-25 23:00:00.010000+00:00,General,,2011-01-25 23:00:00+00:00,Internet,2011-01-25 08:49:29.713000+00:00
case-4892,2010-12-06 00:06:40.010000+00:00,Resource08,2011-01-31 00:06:40.010000+00:00,General,,2011-01-31 00:06:40+00:00,Internet,2011-03-01 10:33:59.752000+00:00
case-4895,2010-12-05 23:00:00.010000+00:00,Resource02,2011-01-30 23:00:00.010000+00:00,General,,2011-01-30 23:00:00+00:00,Internet,2011-02-17 12:41:01.229000+00:00
case-4896,2010-12-01 00:06:40.010000+00:00,Resource07,2011-01-26 00:06:40.010000+00:00,General,,2011-01-26 00:06:40+00:00,Internet,2011-01-10 12:28:35.749000+00:00
case-4897,2010-12-01 00:06:40.010000+00:00,Resource08,2011-01-26 00:06:40.010000+00:00,General,,2011-01-26 00:06:40+00:00,Internet,2011-01-26 14:50:04.617000+00:00
case-4898,2010-12-06 00:06:40.010000+00:00,Resource02,2011-01-31 00:06:40.010000+00:00,General,,2011-01-31 00:06:40+00:00,Internet,2011-02-15 09:58:40.180000+00:00
case-4899,2010-12-01 23:00:00.010000+00:00,Resource07,2011-01-26 23:00:00.010000+00:00,General,,2011-01-26 23:00:00+00:00,Internet,2011-01-06 07:41:05.254000+00:00
case-4900,2010-12-01 23:00:00.010000+00:00,Resource11,2011-01-26 23:00:00.010000+00:00,General,,2011-01-26 23:00:00+00:00,Internet,2011-01-20 17:10:18.448000+00:00
case-4901,2010-12-01 23:00:00.010000+00:00,Resource05,2011-01-26 23:00:00.010000+00:00,General,,2011-01-26 23:00:00+00:00,Internet,2011-02-04 11:16:54.067000+00:00
case-4902,2010-12-03 00:06:40.010000+00:00,Resource07,2011-01-28 00:06:40.010000+00:00,General,,2011-01-28 00:06:40+00:00,Internet,2011-01-25 08:56:35.150000+00:00
case-4903,2010-12-03 00:06:40.010000+00:00,Resource35,2011-01-28 00:06:40.010000+00:00,General,,2011-01-28 00:06:40+00:00,Internet,2011-02-07 23:00:00.010000+00:00
case-4920,2010-12-08 00:06:40.010000+00:00,Resource15,2011-04-12 23:06:40.020000+00:00,General,,2011-04-12 23:06:40+00:00,Post,2011-04-12 12:12:50.523000+00:00
case-4922,2010-12-15 23:00:00.010000+00:00,Resource02,2011-02-09 23:00:00.010000+00:00,General,,2011-02-09 23:00:00+00:00,Post,2011-02-11 10:36:29.855000+00:00
case-4923,2010-12-15 23:00:00.010000+00:00,Resource02,2011-02-09 23:00:00.010000+00:00,General,,2011-02-09 23:00:00+00:00,Post,2011-02-11 10:28:04.497000+00:00
case-4924,2010-12-19 23:00:00.010000+00:00,Resource09,2011-02-13 23:00:00.010000+00:00,General,,2011-02-13 23:00:00+00:00,Desk,2011-03-28 10:41:17.155000+00:00
case-4925,2010-12-17 00:06:40.010000+00:00,Resource12,2011-02-11 00:06:40.010000+00:00,General,,2011-02-11 00:06:40+00:00,Desk,
case-4926,2010-12-17 00:06:40.010000+00:00,Resource15,2011-04-03 23:06:40.020000+00:00,General,,2011-04-03 23:06:40+00:00,Desk,2011-03-17 08:22:44.335000+00:00
case-4927,2010-12-19 23:00:00.010000+00:00,Resource07,2011-02-13 23:00:00.010000+00:00,General,,2011-02-13 23:00:00+00:00,Desk,2011-01-13 10:56:15.421000+00:00
case-4930,2010-12-03 00:06:40.010000+00:00,Resource17,2011-02-10 00:06:40.010000+00:00,General,,2011-02-10 00:06:40+00:00,Internet,2011-02-16 13:49:13.268000+00:00
case-4939,2010-12-06 23:00:00.010000+00:00,Resource17,2011-01-31 23:00:00.010000+00:00,General,,2011-01-31 23:00:00+00:00,Internet,2011-02-01 15:16:17.020000+00:00
case-4941,2010-12-07 23:00:00.010000+00:00,Resource09,2011-02-01 23:00:00.010000+00:00,General,,2011-02-01 23:00:00+00:00,Internet,2011-05-11 07:38:26.369000+00:00
case-4943,2010-12-09 00:06:40.010000+00:00,Resource17,2011-04-13 23:06:40.020000+00:00,General,,2011-04-13 23:06:40+00:00,Internet,2011-04-10 22:00:00.020000+00:00
case-4944,2010-12-09 00:06:40.010000+00:00,Resource02,2011-03-17 00:06:40.010000+00:00,General,,2011-03-17 00:06:40+00:00,Internet,2011-03-02 09:27:28.139000+00:00
case-4946,2010-12-10 00:06:40.010000+00:00,Resource08,2011-02-04 00:06:40.010000+00:00,General,,2011-02-04 00:06:40+00:00,Desk,2011-02-17 14:11:15.249000+00:00
case-4947,2010-12-16 00:06:40.010000+00:00,Resource17,2011-02-10 00:06:40.010000+00:00,General,,2011-02-10 00:06:40+00:00,Desk,2011-02-10 15:09:18.704000+00:00
case-4954,2010-12-05 23:00:00.010000+00:00,Resource17,2011-01-30 23:00:00.010000+00:00,General,,2011-01-30 23:00:00+00:00,Post,2011-02-01 19:59:36.460000+00:00
case-4955,2010-12-06 00:06:40.010000+00:00,Resource08,2011-02-14 00:06:40.010000+00:00,General,,2011-02-14 00:06:40+00:00,Post,2011-02-11 07:39:09.903000+00:00
case-4969,2010-12-10 00:06:40.010000+00:00,Resource08,2011-02-18 00:06:40.010000+00:00,General,,2011-02-18 00:06:40+00:00,Internet,2011-02-17 10:25:34.815000+00:00
case-4972,2010-12-26 23:00:00.010000+00:00,Resource07,2011-02-20 23:00:00.010000+00:00,General,,2011-02-20 23:00:00+00:00,Internet,2010-12-30 11:07:16.045000+00:00
case-4973,2010-12-26 23:00:00.010000+00:00,Resource07,2011-02-20 23:00:00.010000+00:00,General,,2011-02-20 23:00:00+00:00,Internet,2010-12-30 11:01:52.371000+00:00
case-4975,2010-12-10 00:06:40.010000+00:00,Resource04,2011-04-27 23:06:40.020000+00:00,General,,2011-04-27 23:06:40+00:00,Internet,2011-04-21 14:09:13.659000+00:00
case-4976,2010-12-12 23:00:00.010000+00:00,Resource11,2011-02-06 23:00:00.010000+00:00,General,,2011-02-06 23:00:00+00:00,Post,2011-02-03 11:17:25.080000+00:00
case-4978,2010-12-16 00:06:40.010000+00:00,Resource12,2011-02-10 00:06:40.010000+00:00,General,,2011-02-10 00:06:40+00:00,Desk,2011-10-26 09:26:41.868000+00:00
case-4980,2010-12-13 00:06:40.010000+00:00,Resource09,2011-02-07 00:06:40.010000+00:00,General,,2011-02-07 00:06:40+00:00,Internet,2011-04-07 13:43:27.347000+00:00
case-4981,2010-12-12 23:00:00.010000+00:00,Resource14,2011-02-06 23:00:00.010000+00:00,General,,2011-02-06 23:00:00+00:00,Internet,2011-03-11 09:49:44.794000+00:00
case-4986,2010-12-14 00:06:40.010000+00:00,Resource04,2011-03-01 00:06:40.010000+00:00,General,,2011-03-01 00:06:40+00:00,Internet,2011-02-23 13:25:50.802000+00:00
case-4995,2010-12-19 23:00:00.010000+00:00,Resource14,2011-02-13 23:00:00.010000+00:00,General,,2011-02-13 23:00:00+00:00,Desk,2011-03-02 15:51:39.087000+00:00
case-4997,2010-12-15 00:06:40.010000+00:00,Resource15,2011-04-25 23:06:40.020000+00:00,General,,2011-04-25 23:06:40+00:00,Internet,2011-04-20 13:20:40.063000+00:00
case-4998,2010-12-20 00:06:40.010000+00:00,Resource17,2011-02-22 00:06:40.010000+00:00,General,,2011-02-22 00:06:40+00:00,Post,2011-02-24 12:44:43.546000+00:00
case-4999,2010-12-20 00:06:40.010000+00:00,Resource07,2011-02-14 00:06:40.010000+00:00,General,,2011-02-14 00:06:40+00:00,Post,2011-01-27 09:50:30.276000+00:00
case-5000,2010-12-15 00:06:40.010000+00:00,Resource15,2011-04-05 23:06:40.020000+00:00,General,,2011-04-05 23:06:40+00:00,Internet,2011-03-25 15:33:11.436000+00:00
case-5002,2010-12-13 23:00:00.010000+00:00,Resource26,2011-02-15 23:00:00.010000+00:00,General,,2011-02-15 23:00:00+00:00,Internet,2011-01-19 09:10:45.508000+00:00
case-5010,2010-12-14 23:00:00.010000+00:00,Resource08,2011-02-08 23:00:00.010000+00:00,General,,2011-02-08 23:00:00+00:00,Internet,2011-01-19 23:00:00.010000+00:00
case-5011,2010-12-16 00:06:40.010000+00:00,Resource08,2011-04-20 23:06:40.020000+00:00,General,,2011-04-20 23:06:40+00:00,Internet,2011-04-20 10:10:05.125000+00:00
case-5014,2010-12-16 00:06:40.010000+00:00,Resource15,2011-03-10 00:06:40.010000+00:00,General,,2011-03-10 00:06:40+00:00,Internet,2011-03-10 09:23:39.974000+00:00
case-5021,2010-12-16 00:06:40.010000+00:00,Resource04,2011-02-24 00:06:40.010000+00:00,General,,2011-03-10 00:06:40+00:00,Internet,2011-03-08 11:13:10.584000+00:00
case-5024,2010-12-13 23:00:00.010000+00:00,Resource11,2011-02-07 23:00:00.010000+00:00,General,,2011-02-07 23:00:00+00:00,Internet,2011-01-20 14:42:14.981000+00:00
case-5036,2010-12-15 00:06:40.010000+00:00,Resource02,2011-02-16 00:06:40.010000+00:00,General,,2011-02-16 00:06:40+00:00,Internet,2011-02-11 15:37:55.743000+00:00
case-5037,2010-12-29 23:00:00.010000+00:00,Resource07,2011-02-23 23:00:00.010000+00:00,General,,2011-02-23 23:00:00+00:00,Internet,2011-01-13 11:28:26.950000+00:00
case-5039,2010-12-15 23:00:00.010000+00:00,Resource07,2011-02-09 23:00:00.010000+00:00,General,,2011-02-09 23:00:00+00:00,Internet,2011-02-01 07:57:30.509000+00:00
case-5040,2010-12-15 23:00:00.010000+00:00,Resource07,2011-02-09 23:00:00.010000+00:00,General,,2011-02-09 23:00:00+00:00,Internet,2011-02-03 12:07:56.840000+00:00
case-5041,2010-12-15 23:00:00.010000+00:00,Resource05,2011-02-09 23:00:00.010000+00:00,General,,2011-02-09 23:00:00+00:00,Internet,2011-01-11 09:22:10.369000+00:00
case-5042,2010-12-07 00:06:40.010000+00:00,Resource02,2011-03-15 00:06:40.010000+00:00,General,,2011-03-15 00:06:40+00:00,Internet,2011-03-15 15:32:41.443000+00:00
case-5043,2010-12-16 23:00:00.010000+00:00,Resource07,2011-02-10 23:00:00.010000+00:00,General,,2011-02-10 23:00:00+00:00,Internet,2011-02-04 10:55:21.184000+00:00
case-5044,2010-12-17 00:06:40.010000+00:00,Resource02,2011-06-09 23:06:40.020000+00:00,General,,2011-06-09 23:06:40+00:00,Internet,2011-06-07 09:13:01.358000+00:00
case-5045,2010-12-17 00:06:40.010000+00:00,Resource11,2011-02-11 00:06:40.010000+00:00,General,,2011-02-11 00:06:40+00:00,Internet,2011-01-20 12:13:35.461000+00:00
case-5046,2010-12-17 00:06:40.010000+00:00,Resource09,2011-02-11 00:06:40.010000+00:00,General,,2011-02-11 00:06:40+00:00,Internet,2011-02-10 13:04:38.006000+00:00
case-5091,2010-12-20 23:00:00.010000+00:00,Resource07,2011-02-14 23:00:00.010000+00:00,General,,2011-02-14 23:00:00+00:00,Internet,2011-01-20 08:41:09.024000+00:00
case-5099,2010-12-20 23:00:00.010000+00:00,Resource07,2011-02-14 23:00:00.010000+00:00,General,,2011-02-14 23:00:00+00:00,Internet,2011-01-13 11:40:33.053000+00:00
case-5101,2010-12-20 23:00:00.010000+00:00,Resource07,2011-02-14 23:00:00.010000+00:00,General,,2011-02-14 23:00:00+00:00,Internet,2011-01-27 09:29:27.194000+00:00
case-5102,2010-12-20 23:00:00.010000+00:00,admin3,2011-02-14 23:00:00.010000+00:00,Customer contact,,2011-02-14 23:00:00+00:00,Internet,2011-01-05 08:28:07.195000+00:00
case-5109,2010-12-26 00:06:40.010000+00:00,Resource01,2011-02-20 00:06:40.010000+00:00,General,,2011-02-20 00:06:40+00:00,Internet,2011-02-03 12:18:21.261000+00:00
case-5113,2010-12-20 23:00:00.010000+00:00,Resource17,2011-02-14 23:00:00.010000+00:00,General,,2011-02-14 23:00:00+00:00,Desk,2011-02-11 12:12:36.819000+00:00
case-5115,2010-12-22 23:00:00.010000+00:00,Resource18,2011-02-16 23:00:00.010000+00:00,General,,2011-02-16 23:00:00+00:00,Post,2011-02-24 12:42:20.236000+00:00
case-5116,2010-12-22 23:00:00.010000+00:00,Resource07,2011-02-16 23:00:00.010000+00:00,General,,2011-02-16 23:00:00+00:00,Post,2011-01-26 07:24:35.551000+00:00
case-5120,2010-12-21 23:00:00.010000+00:00,Resource02,2011-02-15 23:00:00.010000+00:00,General,,2011-02-15 23:00:00+00:00,Post,2011-02-08 09:13:36.786000+00:00
case-5121,2011-01-04 00:06:40.010000+00:00,Resource04,2011-07-04 23:06:40.020000+00:00,General,,2011-07-04 23:06:40+00:00,Internet,2011-07-06 13:23:31.924000+00:00
case-5122,2010-12-27 00:06:40.010000+00:00,Resource09,2011-02-21 00:06:40.010000+00:00,General,,2011-02-21 00:06:40+00:00,Post,2011-02-08 13:04:03.360000+00:00
case-5132,2010-12-26 23:00:00.010000+00:00,Resource09,2011-02-20 23:00:00.010000+00:00,General,,2011-02-20 23:00:00+00:00,Post,2011-02-08 12:54:54.571000+00:00
case-5133,2010-12-27 23:00:00.010000+00:00,Resource08,2011-02-21 23:00:00.010000+00:00,General,,2011-02-21 23:00:00+00:00,Post,2011-02-18 13:46:47.461000+00:00
case-5135,2010-12-22 00:06:40.010000+00:00,Resource02,2011-03-29 23:06:40.020000+00:00,General,,2011-03-29 23:06:40+00:00,Internet,2011-04-20 08:56:09.528000+00:00
case-5137,2010-12-28 00:06:40.010000+00:00,Resource14,2011-05-02 23:06:40.020000+00:00,General,,2011-05-02 23:06:40+00:00,Desk,2011-04-18 14:09:57.975000+00:00
case-5141,2010-12-21 23:00:00.010000+00:00,Resource09,2011-02-15 23:00:00.010000+00:00,General,,2011-02-15 23:00:00+00:00,Internet,2011-04-18 10:50:19.125000+00:00
case-5144,2010-12-30 00:06:40.010000+00:00,Resource12,2011-02-24 00:06:40.010000+00:00,General,,2011-02-24 00:06:40+00:00,Desk,2011-04-12 11:53:01.110000+00:00
case-5145,2010-12-20 23:00:00.010000+00:00,Resource15,2011-02-14 23:00:00.010000+00:00,General,,2011-02-14 23:00:00+00:00,Internet,2011-02-09 14:24:56.103000+00:00
case-5146,2010-12-30 00:06:40.010000+00:00,Resource15,2011-02-24 00:06:40.010000+00:00,General,,2011-02-24 00:06:40+00:00,Post,2011-03-09 08:14:56.415000+00:00
case-5151,2011-01-03 23:00:00.010000+00:00,Resource01,2011-02-28 23:00:00.010000+00:00,General,,2011-02-28 23:00:00+00:00,Internet,2011-02-03 12:29:48.588000+00:00
case-5153,2010-12-29 00:06:40.010000+00:00,Resource18,2011-03-11 00:06:40.010000+00:00,General,,2011-03-16 00:06:40+00:00,Post,2011-03-24 13:17:15.719000+00:00
case-5155,2010-12-29 00:06:40.010000+00:00,Resource18,2011-03-11 00:06:40.010000+00:00,General,,2011-03-16 00:06:40+00:00,Post,2011-03-17 14:47:34.137000+00:00
case-5167,2010-12-22 23:00:00.010000+00:00,Resource01,2011-02-16 23:00:00.010000+00:00,General,,2011-02-16 23:00:00+00:00,Internet,2011-01-27 09:38:44.999000+00:00
case-5185,2011-01-05 23:00:00.010000+00:00,Resource14,2011-03-02 23:00:00.010000+00:00,General,,2011-03-02 23:00:00+00:00,e-mail,2011-01-31 13:22:37.998000+00:00
case-5186,2010-12-24 00:06:40.010000+00:00,Resource18,2011-02-18 00:06:40.010000+00:00,General,,2011-02-18 00:06:40+00:00,Internet,2011-02-11 14:02:31.454000+00:00
case-5187,2010-12-25 23:00:00.010000+00:00,Resource01,2011-02-19 23:00:00.010000+00:00,General,,2011-02-19 23:00:00+00:00,Internet,2011-01-11 07:39:13.496000+00:00
case-5190,2010-12-27 00:06:40.010000+00:00,Resource15,2011-02-28 00:06:40.010000+00:00,General,,2011-02-28 00:06:40+00:00,Internet,2011-02-25 12:11:59.215000+00:00
case-5191,2011-01-06 23:00:00.010000+00:00,Resource08,2011-03-03 23:00:00.010000+00:00,General,,2011-03-03 23:00:00+00:00,e-mail,2011-02-08 13:32:39.711000+00:00
case-5194,2011-01-06 23:00:00.010000+00:00,Resource08,2011-03-03 23:00:00.010000+00:00,General,,2011-03-03 23:00:00+00:00,e-mail,2011-02-08 14:36:36.783000+00:00
case-5196,2011-01-05 23:00:00.010000+00:00,Resource02,2011-03-02 23:00:00.010000+00:00,General,,2011-03-02 23:00:00+00:00,Internet,2011-02-08 10:10:10.493000+00:00
case-5235,2011-01-09 23:00:00.010000+00:00,Resource25,2011-03-06 23:00:00.010000+00:00,General,,2011-03-06 23:00:00+00:00,Internet,2011-02-24 12:36:06.546000+00:00
case-5243,2010-12-27 00:06:40.010000+00:00,Resource04,2011-03-20 00:06:40.010000+00:00,General,,2011-03-20 00:06:40+00:00,Internet,2011-03-16 15:29:55.520000+00:00
case-5245,2010-10-19 23:06:40.020000+00:00,Resource17,2011-01-21 00:06:40.010000+00:00,General,,2011-01-21 00:06:40+00:00,Internet,2011-01-21 15:00:15.194000+00:00
case-5247,2011-01-11 00:06:40.010000+00:00,Resource08,2011-01-16 00:06:40.010000+00:00,General,,2011-01-16 00:06:40+00:00,Internet,2011-01-14 13:24:26.688000+00:00
case-5250,2010-12-05 23:00:00.010000+00:00,Resource09,2011-01-30 23:00:00.010000+00:00,General,,2011-01-30 23:00:00+00:00,Internet,2011-02-09 10:50:34.042000+00:00
case-5254,2010-12-27 00:06:40.010000+00:00,Resource18,2011-05-18 23:06:40.020000+00:00,General,,2011-05-18 23:06:40+00:00,Internet,2011-06-20 09:43:02.571000+00:00
case-5266,2010-12-26 23:00:00.010000+00:00,Resource12,2011-02-20 23:00:00.010000+00:00,General,,2011-02-20 23:00:00+00:00,Internet,2011-04-29 12:21:55.843000+00:00
case-5268,2010-12-26 23:00:00.010000+00:00,Resource26,2011-02-20 23:00:00.010000+00:00,General,,2011-02-20 23:00:00+00:00,Internet,2011-01-13 11:35:15.061000+00:00
case-5273,2010-12-27 00:06:40.010000+00:00,Resource14,2011-02-21 00:06:40.010000+00:00,General,,2011-02-21 00:06:40+00:00,Internet,2011-05-19 12:16:01.675000+00:00
case-5275,2010-12-28 00:06:40.010000+00:00,Resource18,2011-06-06 23:06:40.020000+00:00,General,,2011-06-06 23:06:40+00:00,Internet,2011-06-07 13:05:26.063000+00:00
case-5285,2010-12-22 23:00:00.010000+00:00,Resource26,2011-02-14 23:00:00.010000+00:00,General,,2011-02-14 23:00:00+00:00,Internet,2011-01-19 09:11:56.843000+00:00
case-5286,2010-12-28 23:00:00.010000+00:00,Resource12,2011-02-22 23:00:00.010000+00:00,General,,2011-02-22 23:00:00+00:00,Internet,2011-08-19 06:50:23.351000+00:00
case-5287,2010-12-17 00:06:40.010000+00:00,Resource05,2011-02-11 00:06:40.010000+00:00,General,,2011-02-11 00:06:40+00:00,Internet,2011-02-16 11:12:40.005000+00:00
case-5288,2010-12-17 00:06:40.010000+00:00,Resource08,2011-03-31 23:06:40.020000+00:00,General,,2011-03-31 23:06:40+00:00,Internet,2011-04-01 12:45:51.635000+00:00
case-5289,2010-12-17 00:06:40.010000+00:00,Resource15,2011-04-21 23:06:40.020000+00:00,General,,2011-04-21 23:06:40+00:00,Desk,2011-04-20 13:45:28.388000+00:00
case-5294,2010-12-29 00:06:40.010000+00:00,Resource15,2011-03-23 00:06:40.010000+00:00,General,,2011-03-23 00:06:40+00:00,Internet,2011-03-22 15:05:24.947000+00:00
case-5297,2010-12-29 00:06:40.010000+00:00,Resource04,2011-03-19 00:06:40.010000+00:00,General,,2011-03-19 00:06:40+00:00,Internet,2011-03-16 13:41:16.283000+00:00
case-5298,2011-01-04 23:00:00.010000+00:00,Resource12,2011-03-01 23:00:00.010000+00:00,General,,2011-03-01 23:00:00+00:00,Post,2011-02-04 12:28:24.157000+00:00
case-5299,2010-12-31 00:06:40.010000+00:00,Resource08,2011-02-25 00:06:40.010000+00:00,General,,2011-02-25 00:06:40+00:00,Internet,2011-02-15 09:59:01.802000+00:00
case-5301,2011-01-12 23:00:00.010000+00:00,Resource13,2011-03-09 23:00:00.010000+00:00,General,,2011-03-09 23:00:00+00:00,Internet,2011-03-04 10:47:56.186000+00:00
case-5311,2010-12-26 23:00:00.010000+00:00,Resource09,2011-02-13 23:00:00.010000+00:00,General,,2011-02-13 23:00:00+00:00,Desk,2011-04-14 12:12:56.814000+00:00
case-5337,2011-01-14 23:00:00.010000+00:00,admin3,2011-03-11 23:00:00.010000+00:00,Customer contact,,2011-03-11 23:00:00+00:00,Internet,2011-01-15 12:42:03.349000+00:00
case-5351,2011-01-16 23:00:00.010000+00:00,Resource21,2011-03-13 23:00:00.010000+00:00,General,,2011-03-13 23:00:00+00:00,Internet,2011-08-18 06:43:00.267000+00:00
case-5355,2010-12-29 23:00:00.010000+00:00,Resource12,2011-02-23 23:00:00.010000+00:00,General,,2011-02-23 23:00:00+00:00,Internet,2011-04-07 13:45:12.541000+00:00
case-5372,2010-12-30 00:06:40.010000+00:00,Resource04,2011-10-05 23:06:40.020000+00:00,General,,2011-10-05 23:06:40+00:00,Internet,2011-10-03 14:33:42.541000+00:00
case-5377,2010-12-30 00:06:40.010000+00:00,Resource09,2011-02-24 00:06:40.010000+00:00,General,,2011-02-24 00:06:40+00:00,Internet,2011-02-08 13:43:40.566000+00:00
case-5378,2010-12-30 00:06:40.010000+00:00,Resource15,2011-06-22 23:06:40.020000+00:00,General,,2011-06-22 23:06:40+00:00,Internet,2011-06-27 07:48:16.948000+00:00
case-5379,2010-12-29 23:00:00.010000+00:00,Resource04,2011-02-23 23:00:00.010000+00:00,General,,2011-02-23 23:00:00+00:00,Internet,2011-02-23 08:52:26.725000+00:00
case-5380,2011-01-07 00:06:40.010000+00:00,Resource02,2011-03-04 00:06:40.010000+00:00,General,,2011-03-04 00:06:40+00:00,Desk,2011-02-04 14:10:26.588000+00:00
case-5381,2010-12-29 23:00:00.010000+00:00,Resource18,2011-02-23 23:00:00.010000+00:00,General,,2011-02-23 23:00:00+00:00,Internet,2011-02-15 09:33:29.582000+00:00
case-5382,2010-12-21 00:06:40.010000+00:00,Resource17,2011-04-11 23:06:40.020000+00:00,General,,2011-04-11 23:06:40+00:00,Desk,2011-04-07 10:04:53.294000+00:00
case-5383,2010-12-28 23:00:00.010000+00:00,Resource04,2011-02-22 23:00:00.010000+00:00,General,,2011-02-22 23:00:00+00:00,Desk,2011-03-04 14:53:21.175000+00:00
case-5385,2010-12-30 00:06:40.010000+00:00,Resource03,2011-02-24 00:06:40.010000+00:00,Customer contact,,2011-02-24 00:06:40+00:00,Desk,2011-01-26 13:03:16.115000+00:00
case-5397,2010-12-30 23:00:00.010000+00:00,Resource01,2011-02-24 23:00:00.010000+00:00,General,,2011-02-24 23:00:00+00:00,Internet,2011-02-08 09:30:23.514000+00:00
case-5398,2010-12-31 00:06:40.010000+00:00,Resource04,2011-03-27 23:06:40.020000+00:00,General,,2011-03-27 23:06:40+00:00,Internet,2011-03-18 11:04:12.415000+00:00
case-5401,2010-12-29 23:00:00.010000+00:00,Resource18,2011-02-23 23:00:00.010000+00:00,General,,2011-02-23 23:00:00+00:00,Internet,2011-02-24 09:18:42.399000+00:00
case-5405,2010-12-31 00:06:40.010000+00:00,Resource17,2011-05-29 23:06:40.020000+00:00,General,,2011-05-29 23:06:40+00:00,Internet,2011-05-30 09:00:16.928000+00:00
case-5406,2010-12-28 23:00:00.010000+00:00,Resource07,2011-02-22 23:00:00.010000+00:00,General,,2011-02-22 23:00:00+00:00,Desk,2011-02-17 15:41:02.698000+00:00
case-5418,2011-01-06 23:00:00.010000+00:00,Resource07,2011-03-03 23:00:00.010000+00:00,General,,2011-03-03 23:00:00+00:00,Desk,2011-02-22 08:30:55.455000+00:00
case-5419,2011-01-03 23:00:00.010000+00:00,Resource35,2011-02-28 23:00:00.010000+00:00,General,,2011-02-28 23:00:00+00:00,Desk,2011-02-15 13:59:06.211000+00:00
case-5457,2011-01-05 23:00:00.010000+00:00,Resource09,2011-03-02 23:00:00.010000+00:00,General,,2011-03-02 23:00:00+00:00,Internet,2011-04-20 22:00:00.020000+00:00
case-5462,2011-01-10 00:06:40.010000+00:00,Resource26,2011-03-07 00:06:40.010000+00:00,General,,2011-03-07 00:06:40+00:00,Desk,2011-01-28 11:03:52.245000+00:00
case-5469,2010-12-14 00:06:40.010000+00:00,Resource22,2011-02-08 00:06:40.010000+00:00,General,,2011-03-08 00:06:40+00:00,Internet,2011-04-07 13:42:13.759000+00:00
case-5482,2010-12-15 23:00:00.010000+00:00,Resource18,2011-02-09 23:00:00.010000+00:00,General,,2011-02-09 23:00:00+00:00,Desk,2011-01-28 13:59:54.161000+00:00
case-5483,2010-12-17 00:06:40.010000+00:00,Resource18,2011-02-11 00:06:40.010000+00:00,General,,2011-02-11 00:06:40+00:00,Desk,2011-01-28 14:00:49.640000+00:00
case-5484,2010-12-21 23:00:00.010000+00:00,Resource18,2011-02-15 23:00:00.010000+00:00,General,,2011-02-15 23:00:00+00:00,Desk,2011-01-28 14:46:53.371000+00:00
case-5503,2011-01-13 00:06:40.010000+00:00,Resource11,2011-03-10 00:06:40.010000+00:00,General,,2011-03-10 00:06:40+00:00,Intern,2011-02-04 15:05:09.655000+00:00
case-5504,2011-01-16 23:00:00.010000+00:00,Resource11,2011-03-13 23:00:00.010000+00:00,General,,2011-03-13 23:00:00+00:00,Internet,2011-02-04 11:16:16.911000+00:00
case-5510,2011-01-11 00:06:40.010000+00:00,admin3,2011-03-08 00:06:40.010000+00:00,Customer contact,,2011-03-08 00:06:40+00:00,Internet,2011-02-08 08:06:06.356000+00:00
case-5512,2011-01-12 00:06:40.010000+00:00,Resource08,2011-03-09 00:06:40.010000+00:00,General,,2011-03-09 00:06:40+00:00,Internet,2011-03-02 14:58:38.081000+00:00
case-5517,2011-01-13 00:06:40.010000+00:00,Resource13,2011-03-10 00:06:40.010000+00:00,General,,2011-03-10 00:06:40+00:00,Desk,2011-03-03 12:45:12.539000+00:00
case-5519,2011-01-14 00:06:40.010000+00:00,Resource11,2011-03-11 00:06:40.010000+00:00,General,,2011-03-11 00:06:40+00:00,Desk,2011-02-24 07:49:04.322000+00:00
case-5520,2011-01-12 00:06:40.010000+00:00,Resource11,2011-03-09 00:06:40.010000+00:00,General,,2011-03-09 00:06:40+00:00,Desk,2011-03-11 11:23:42.322000+00:00
case-5521,2010-12-17 00:06:40.010000+00:00,Resource09,2011-02-11 00:06:40.010000+00:00,General,,2011-02-11 00:06:40+00:00,Desk,2011-03-23 13:26:35.578000+00:00
case-5529,2011-01-14 00:06:40.010000+00:00,Resource02,2011-03-11 00:06:40.010000+00:00,General,,2011-03-11 00:06:40+00:00,Internet,2011-03-03 14:36:44.177000+00:00
case-5530,2011-01-15 00:06:40.010000+00:00,Resource17,2011-03-12 00:06:40.010000+00:00,General,,2011-03-12 00:06:40+00:00,Internet,2011-02-22 13:41:05.508000+00:00
case-5531,2011-01-16 23:00:00.010000+00:00,Resource02,2011-03-13 23:00:00.010000+00:00,General,,2011-03-13 23:00:00+00:00,Internet,2011-02-18 11:48:02.415000+00:00
case-5532,2011-01-10 23:00:00.010000+00:00,Resource01,2011-03-07 23:00:00.010000+00:00,General,,2011-03-07 23:00:00+00:00,Desk,2011-02-24 07:38:09.385000+00:00
case-5533,2011-01-13 23:00:00.010000+00:00,Resource17,2011-03-10 23:00:00.010000+00:00,General,,2011-03-10 23:00:00+00:00,Internet,2011-02-15 10:25:09.252000+00:00
case-5534,2010-12-30 00:06:40.010000+00:00,Resource15,2011-04-06 23:06:40.020000+00:00,General,,2011-04-06 23:06:40+00:00,Internet,2011-04-05 09:44:31.845000+00:00
case-5535,2011-01-17 00:06:40.010000+00:00,Resource11,2011-03-14 00:06:40.010000+00:00,General,,2011-03-14 00:06:40+00:00,Internet,2011-03-11 11:25:27.553000+00:00
case-5536,2011-01-17 00:06:40.010000+00:00,Resource08,2011-03-14 00:06:40.010000+00:00,General,,2011-03-14 00:06:40+00:00,Internet,2011-03-18 09:16:28.139000+00:00
case-5540,2011-01-17 23:00:00.010000+00:00,Resource01,2011-03-14 23:00:00.010000+00:00,General,,2011-03-14 23:00:00+00:00,Internet,2011-02-24 07:59:07.092000+00:00
case-5541,2011-01-17 23:00:00.010000+00:00,Resource08,2011-03-14 23:00:00.010000+00:00,General,,2011-03-14 23:00:00+00:00,Internet,2011-02-15 13:33:41.919000+00:00
case-5542,2011-01-12 23:00:00.010000+00:00,Resource06,2011-03-09 23:00:00.010000+00:00,General,,2011-03-09 23:00:00+00:00,Desk,2011-02-14 14:18:04.862000+00:00
case-5543,2011-01-17 23:00:00.010000+00:00,Resource01,2011-03-14 23:00:00.010000+00:00,General,,2011-03-14 23:00:00+00:00,Internet,2011-03-01 08:28:52.160000+00:00
case-5545,2011-01-18 23:00:00.010000+00:00,Resource14,2011-03-15 23:00:00.010000+00:00,General,,2011-03-15 23:00:00+00:00,Internet,2011-04-08 08:31:15.081000+00:00
case-5546,2011-01-18 23:00:00.010000+00:00,Resource11,2011-03-15 23:00:00.010000+00:00,General,,2011-03-15 23:00:00+00:00,Internet,2011-02-24 11:22:00.602000+00:00
case-5547,2011-01-16 23:00:00.010000+00:00,Resource25,2011-03-13 23:00:00.010000+00:00,General,,2011-03-13 23:00:00+00:00,Internet,2011-03-01 13:42:05.676000+00:00
case-5548,2011-01-18 23:00:00.010000+00:00,Resource01,2011-03-15 23:00:00.010000+00:00,General,,2011-03-15 23:00:00+00:00,Internet,2011-02-22 15:53:55.093000+00:00
case-5549,2011-01-17 23:00:00.010000+00:00,Resource06,2011-03-14 23:00:00.010000+00:00,General,,2011-03-14 23:00:00+00:00,Internet,2011-03-15 09:08:48.138000+00:00
case-5552,2011-01-19 00:06:40.010000+00:00,Resource15,2011-05-25 23:06:40.020000+00:00,General,,2011-05-25 23:06:40+00:00,Internet,2011-05-02 09:21:37.498000+00:00
case-5554,2011-01-14 00:06:40.010000+00:00,Resource08,2011-05-07 23:06:40.020000+00:00,General,,2011-05-07 23:06:40+00:00,Internet,2011-05-04 14:07:36.807000+00:00
case-5556,2011-01-22 23:00:00.010000+00:00,Resource01,2011-03-19 23:00:00.010000+00:00,General,,2011-03-19 23:00:00+00:00,Internet,2011-02-28 10:17:49.041000+00:00
case-5557,2011-01-24 00:06:40.010000+00:00,Resource09,2011-03-21 00:06:40.010000+00:00,General,,2011-03-21 00:06:40+00:00,Internet,2011-05-16 14:12:18.768000+00:00
case-5558,2011-01-03 23:00:00.010000+00:00,Resource05,2011-02-28 23:00:00.010000+00:00,General,,2011-02-28 23:00:00+00:00,Internet,2011-02-25 15:18:49.424000+00:00
case-5559,2011-01-24 00:06:40.010000+00:00,Resource06,2011-03-21 00:06:40.010000+00:00,General,,2011-04-17 23:06:40+00:00,Internet,2011-03-22 13:50:27.887000+00:00
case-5560,2011-01-24 23:00:00.010000+00:00,Resource05,2011-03-21 23:00:00.010000+00:00,General,,2011-03-21 23:00:00+00:00,Internet,2011-02-24 14:16:49.882000+00:00
case-5561,2011-01-25 23:00:00.010000+00:00,Resource01,2011-03-22 23:00:00.010000+00:00,General,,2011-03-22 23:00:00+00:00,Internet,2011-02-28 10:41:07.295000+00:00
case-5566,2011-01-24 00:06:40.010000+00:00,Resource08,2011-03-21 00:06:40.010000+00:00,General,,2011-03-21 00:06:40+00:00,Internet,2011-03-22 13:33:55.175000+00:00
case-5573,2011-01-24 23:00:00.010000+00:00,Resource02,2011-03-21 23:00:00.010000+00:00,General,,2011-03-21 23:00:00+00:00,Internet,2011-03-22 10:26:39.827000+00:00
case-5574,2011-01-26 00:06:40.010000+00:00,Resource11,2011-03-23 00:06:40.010000+00:00,General,,2011-03-23 00:06:40+00:00,Internet,2011-03-09 23:00:00.010000+00:00
case-5576,2011-01-17 00:06:40.010000+00:00,Resource13,2011-03-14 00:06:40.010000+00:00,General,,2011-03-14 00:06:40+00:00,Desk,2011-03-02 10:00:27.952000+00:00
case-5577,2011-01-26 23:00:00.010000+00:00,Resource02,2011-03-23 23:00:00.010000+00:00,General,,2011-03-23 23:00:00+00:00,Internet,2011-05-19 12:23:29.363000+00:00
case-5578,2011-01-27 00:06:40.010000+00:00,Resource09,2011-03-24 00:06:40.010000+00:00,General,,2011-03-24 00:06:40+00:00,Internet,2011-04-05 07:58:13.961000+00:00
case-5580,2011-01-25 23:00:00.010000+00:00,Resource11,2011-03-22 23:00:00.010000+00:00,General,,2011-03-22 23:00:00+00:00,Desk,2011-03-10 14:56:19.858000+00:00
case-5582,2011-01-25 00:06:40.010000+00:00,Resource08,2011-06-06 23:06:40.020000+00:00,General,,2011-06-06 23:06:40+00:00,Internet,2011-06-07 07:29:10.521000+00:00
case-5583,2011-01-10 00:06:40.010000+00:00,Resource35,2011-03-07 00:06:40.010000+00:00,General,,2011-03-07 00:06:40+00:00,Desk,2011-02-15 14:12:38.123000+00:00
case-5585,2011-01-27 00:06:40.010000+00:00,Resource07,2011-03-24 00:06:40.010000+00:00,General,Group 2,2011-03-24 00:06:40+00:00,Internet,2011-09-22 12:45:23.851000+00:00
case-5594,2011-01-27 00:06:40.010000+00:00,Resource08,2011-03-24 00:06:40.010000+00:00,General,,2011-03-24 00:06:40+00:00,Desk,2011-03-15 13:40:56.024000+00:00
case-5595,2011-01-27 00:06:40.010000+00:00,Resource09,2011-03-24 00:06:40.010000+00:00,General,,2011-03-24 00:06:40+00:00,Internet,2011-06-06 08:55:21.981000+00:00
case-5597,2011-01-26 23:00:00.010000+00:00,Resource11,2011-03-23 23:00:00.010000+00:00,General,,2011-03-23 23:00:00+00:00,Desk,2011-02-28 10:47:00.573000+00:00
case-5599,2011-01-27 00:06:40.010000+00:00,Resource01,2011-03-24 00:06:40.010000+00:00,General,,2011-03-24 00:06:40+00:00,Internet,2011-02-28 10:54:34.507000+00:00
case-5646,2011-01-28 00:06:40.010000+00:00,Resource07,2011-03-25 00:06:40.010000+00:00,General,,2011-03-25 00:06:40+00:00,Internet,2011-02-28 11:13:30.183000+00:00
case-5653,2011-01-29 00:06:40.010000+00:00,Resource04,2011-05-31 23:06:40.020000+00:00,General,,2011-05-31 23:06:40+00:00,Internet,2011-05-03 09:52:25.459000+00:00
case-5657,2011-01-28 23:00:00.010000+00:00,Resource17,2011-03-25 23:00:00.010000+00:00,General,,2011-03-25 23:00:00+00:00,Internet,2011-03-25 09:24:50.603000+00:00
case-5660,2011-01-29 00:06:40.010000+00:00,Resource15,2011-03-26 00:06:40.010000+00:00,General,,2011-03-26 00:06:40+00:00,Internet,2011-03-29 09:36:18.189000+00:00
case-5683,2011-01-31 00:06:40.010000+00:00,Resource07,2011-03-27 23:06:40.020000+00:00,General,,2011-03-27 23:06:40+00:00,Internet,2011-03-03 11:19:24.121000+00:00
case-5684,2011-01-30 23:00:00.010000+00:00,Resource07,2011-03-27 22:00:00.020000+00:00,General,,2011-03-27 22:00:00+00:00,Internet,2011-03-08 15:39:44.521000+00:00
case-5686,2011-01-31 23:00:00.010000+00:00,Resource01,2011-03-28 22:00:00.020000+00:00,General,,2011-03-28 22:00:00+00:00,Internet,2011-02-28 11:21:03.615000+00:00
case-5704,2011-02-24 23:00:00.010000+00:00,Resource05,2011-03-21 23:00:00.010000+00:00,General,,2011-03-21 23:00:00+00:00,Desk,2011-03-15 14:43:05.532000+00:00
case-5706,2011-01-25 23:00:00.010000+00:00,Resource07,2011-03-22 23:00:00.010000+00:00,General,,2011-03-22 23:00:00+00:00,Desk,2011-02-17 15:46:23.611000+00:00
case-5707,2011-01-31 23:00:00.010000+00:00,Resource11,2011-03-28 22:00:00.020000+00:00,General,,2011-03-28 22:00:00+00:00,Internet,2011-03-03 10:36:28.283000+00:00
case-5710,2011-01-31 23:00:00.010000+00:00,Resource01,2011-03-28 22:00:00.020000+00:00,General,,2011-03-28 22:00:00+00:00,Internet,2011-02-22 08:37:38.363000+00:00
case-5712,2011-01-31 23:00:00.010000+00:00,Resource01,2011-03-28 22:00:00.020000+00:00,General,,2011-03-28 22:00:00+00:00,Internet,2011-03-23 23:00:00.010000+00:00
case-5714,2011-01-31 23:00:00.010000+00:00,Resource07,2011-03-28 22:00:00.020000+00:00,General,,2011-03-28 22:00:00+00:00,Internet,2011-04-12 11:55:18.788000+00:00
case-5721,2011-02-01 23:00:00.010000+00:00,Resource09,2011-03-29 22:00:00.020000+00:00,General,,2011-03-29 22:00:00+00:00,e-mail,2011-05-16 07:48:44.730000+00:00
case-5737,2011-02-01 23:00:00.010000+00:00,Resource06,2011-03-29 22:00:00.020000+00:00,General,,2011-03-29 22:00:00+00:00,Internet,2011-03-17 09:36:27.613000+00:00
case-5743,2011-02-02 23:00:00.010000+00:00,Resource11,2011-03-29 22:00:00.020000+00:00,General,,2011-03-29 22:00:00+00:00,Internet,2011-03-08 15:52:32.517000+00:00
case-5748,2011-01-30 23:00:00.010000+00:00,Resource05,2011-03-27 22:00:00.020000+00:00,General,,2011-04-27 22:00:00+00:00,Desk,2011-04-21 10:15:07.155000+00:00
case-5749,2011-02-03 00:06:40.010000+00:00,Resource23,2011-06-08 23:06:40.020000+00:00,General,,2011-06-08 23:06:40+00:00,Internet,2011-06-16 08:00:31.852000+00:00
case-5750,2011-01-28 00:06:40.010000+00:00,Resource14,2011-03-25 00:06:40.010000+00:00,General,,2011-03-25 00:06:40+00:00,Internet,2011-04-20 07:52:55.437000+00:00
case-5761,2011-01-31 23:00:00.010000+00:00,Resource18,2011-03-28 22:00:00.020000+00:00,General,,2011-03-28 22:00:00+00:00,Desk,2011-02-23 15:30:01.646000+00:00
case-5766,2011-02-03 23:00:00.010000+00:00,Resource07,2011-03-31 22:00:00.020000+00:00,General,,2011-03-31 22:00:00+00:00,Desk,2011-04-01 07:42:43.367000+00:00
case-5767,2011-02-03 23:00:00.010000+00:00,Resource07,2011-03-31 22:00:00.020000+00:00,General,,2011-03-31 22:00:00+00:00,Desk,2011-03-11 11:31:00.801000+00:00
case-5769,2011-02-03 23:00:00.010000+00:00,Resource11,2011-03-31 22:00:00.020000+00:00,General,,2011-03-31 22:00:00+00:00,Internet,2011-03-31 05:48:34.557000+00:00
case-5865,2011-02-04 00:06:40.010000+00:00,Resource11,2011-03-31 23:06:40.020000+00:00,General,,2011-03-31 23:06:40+00:00,Internet,2011-04-01 07:42:16.979000+00:00
case-5870,2011-02-04 23:00:00.010000+00:00,Resource07,2011-04-01 22:00:00.020000+00:00,General,,2011-04-01 22:00:00+00:00,Internet,2011-03-08 16:04:44.582000+00:00
case-5874,2011-02-04 23:00:00.010000+00:00,Resource08,2011-04-01 22:00:00.020000+00:00,General,,2011-04-01 22:00:00+00:00,Internet,2011-03-18 23:00:00.010000+00:00
case-5875,2011-02-06 23:00:00.010000+00:00,Resource07,2011-04-03 22:00:00.020000+00:00,General,,2011-04-03 22:00:00+00:00,Internet,2011-03-08 16:12:31.223000+00:00
case-5877,2011-02-01 23:00:00.010000+00:00,Resource37,2011-03-29 22:00:00.020000+00:00,General,,2011-03-29 22:00:00+00:00,Internet,2011-03-29 22:00:00.020000+00:00
case-5878,2011-02-05 23:00:00.010000+00:00,Resource17,2011-04-02 22:00:00.020000+00:00,General,,2011-04-02 22:00:00+00:00,Internet,2011-03-31 13:40:23.559000+00:00
case-5879,2011-02-07 00:06:40.010000+00:00,Resource02,2011-05-15 23:06:40.020000+00:00,General,,2011-05-15 23:06:40+00:00,Desk,2011-04-20 12:23:27.429000+00:00
case-5895,2011-02-07 00:06:40.010000+00:00,Resource04,2011-04-03 23:06:40.020000+00:00,General,,2011-04-03 23:06:40+00:00,Internet,2011-04-04 14:08:08.213000+00:00
case-5897,2011-02-08 00:06:40.010000+00:00,Resource52,2011-04-17 23:06:40.020000+00:00,General,Group 10,2011-05-02 23:06:40+00:00,Internet,
case-5919,2011-02-08 23:00:00.010000+00:00,Resource11,2011-04-05 22:00:00.020000+00:00,General,,2011-04-05 22:00:00+00:00,Internet,2011-03-31 05:47:54.447000+00:00
case-5921,2011-02-08 23:00:00.010000+00:00,Resource11,2011-04-05 22:00:00.020000+00:00,General,,2011-04-05 22:00:00+00:00,Internet,2011-04-04 06:13:48.018000+00:00
case-5922,2011-02-08 23:00:00.010000+00:00,Resource17,2011-04-05 22:00:00.020000+00:00,General,,2011-04-05 22:00:00+00:00,Internet,2011-04-05 12:29:29.177000+00:00
case-5923,2011-01-02 23:00:00.010000+00:00,Resource07,2011-02-27 23:00:00.010000+00:00,General,,2011-02-27 23:00:00+00:00,Desk,2011-02-17 15:36:58.066000+00:00
case-5926,2011-01-25 00:06:40.010000+00:00,admin3,2011-03-22 00:06:40.010000+00:00,Customer contact,,2011-03-22 00:06:40+00:00,Desk,2011-02-09 14:06:37.905000+00:00
case-5928,2011-01-19 00:06:40.010000+00:00,Resource17,2011-07-04 23:06:40.020000+00:00,General,,2011-07-04 23:06:40+00:00,Desk,2011-07-06 13:12:01.192000+00:00
case-5932,2011-01-23 23:00:00.010000+00:00,Resource05,2011-03-13 23:00:00.010000+00:00,General,,2011-03-13 23:00:00+00:00,Desk,2011-02-25 15:28:20.090000+00:00
case-5941,2011-02-09 00:06:40.010000+00:00,Resource02,2011-05-03 23:06:40.020000+00:00,General,,2011-05-03 23:06:40+00:00,Internet,2011-05-02 09:33:28.439000+00:00
case-5942,2011-02-10 00:06:40.010000+00:00,Resource18,2011-04-06 23:06:40.020000+00:00,General,,2011-04-06 23:06:40+00:00,Internet,2011-04-13 09:53:23.561000+00:00
case-5943,2011-02-08 23:00:00.010000+00:00,Resource02,2011-04-05 22:00:00.020000+00:00,General,,2011-04-05 22:00:00+00:00,Internet,2011-02-22 09:33:42.168000+00:00
case-5946,2011-02-09 00:06:40.010000+00:00,Resource04,2011-04-05 23:06:40.020000+00:00,General,,2011-04-05 23:06:40+00:00,Internet,2011-04-06 09:26:14.402000+00:00
case-5952,2011-02-09 23:00:00.010000+00:00,Resource18,2011-04-06 22:00:00.020000+00:00,General,,2011-04-06 22:00:00+00:00,Internet,2011-03-07 07:46:58.682000+00:00
case-5956,2011-02-07 00:06:40.010000+00:00,Resource15,2011-05-01 23:06:40.020000+00:00,General,,2011-05-01 23:06:40+00:00,Desk,2011-05-13 06:18:57.460000+00:00
case-5957,2011-02-09 23:00:00.010000+00:00,Resource11,2011-04-06 22:00:00.020000+00:00,General,,2011-04-06 22:00:00+00:00,Desk,2011-04-07 12:57:18.547000+00:00
case-5958,2011-01-10 23:00:00.010000+00:00,Resource07,2011-03-07 23:00:00.010000+00:00,General,,2011-03-07 23:00:00+00:00,Desk,2011-02-17 07:19:32.055000+00:00
case-5959,2011-02-06 23:00:00.010000+00:00,Resource26,2011-04-03 22:00:00.020000+00:00,General,,2011-04-03 22:00:00+00:00,Internet,2011-07-14 08:25:49.485000+00:00
case-5961,2011-02-04 00:06:40.010000+00:00,Resource08,2011-04-25 23:06:40.020000+00:00,General,,2011-04-25 23:06:40+00:00,Desk,2011-04-20 14:04:55.300000+00:00
case-5983,2011-02-12 23:00:00.010000+00:00,Resource15,2011-04-09 22:00:00.020000+00:00,General,,2011-04-09 22:00:00+00:00,Internet,2011-03-29 12:10:17.464000+00:00
case-5986,2011-02-13 00:06:40.010000+00:00,Resource08,2011-05-07 23:06:40.020000+00:00,General,,2011-05-07 23:06:40+00:00,Internet,2011-06-28 07:35:48.698000+00:00
case-5987,2011-02-14 00:06:40.010000+00:00,Resource23,2011-04-10 23:06:40.020000+00:00,General,,2011-04-10 23:06:40+00:00,Internet,2011-02-16 13:23:07.250000+00:00
case-5994,2011-02-13 23:00:00.010000+00:00,Resource11,2011-04-10 22:00:00.020000+00:00,General,,2011-04-10 22:00:00+00:00,Internet,2011-04-04 06:26:16.417000+00:00
case-5997,2011-02-13 23:00:00.010000+00:00,Resource11,2011-04-10 22:00:00.020000+00:00,General,,2011-04-10 22:00:00+00:00,Internet,2011-04-11 06:18:12.264000+00:00
case-5998,2011-02-13 23:00:00.010000+00:00,Resource02,2011-04-10 22:00:00.020000+00:00,General,,2011-04-10 22:00:00+00:00,Internet,2011-04-07 07:09:05.884000+00:00
case-6009,2010-12-22 00:06:40.010000+00:00,Resource18,2011-06-22 23:06:40.020000+00:00,General,,2011-07-07 23:06:40+00:00,Internet,2011-07-12 12:59:47.005000+00:00
case-6010,2011-01-26 23:00:00.010000+00:00,Resource09,2011-03-23 23:00:00.010000+00:00,General,,2011-03-23 23:00:00+00:00,Internet,2011-04-28 07:24:48.587000+00:00
case-6012,2011-02-15 13:56:16.838000+00:00,Resource06,2011-05-04 12:56:16.838000+00:00,General,,2011-05-04 12:56:16.838000+00:00,Internet,2011-03-16 11:10:18.381000+00:00
case-6015,2011-02-15 14:00:43.554000+00:00,Resource06,2011-05-04 13:00:43.554000+00:00,General,,2011-05-04 13:00:43.554000+00:00,Internet,2011-03-11 14:50:56.266000+00:00
case-6028,2011-02-09 00:06:40.010000+00:00,Resource23,2011-04-05 23:06:40.020000+00:00,General,,2011-04-05 23:06:40+00:00,Internet,2011-08-29 09:59:25.489000+00:00
case-6032,2011-02-15 23:00:00.010000+00:00,Resource07,2011-04-12 22:00:00.020000+00:00,General,,2011-04-12 22:00:00+00:00,Internet,2011-04-12 05:30:39.271000+00:00
case-6034,2011-02-15 23:00:00.010000+00:00,Resource11,2011-04-12 22:00:00.020000+00:00,General,,2011-04-12 22:00:00+00:00,Internet,2011-04-04 06:38:31.554000+00:00
case-6036,2011-02-14 23:00:00.010000+00:00,Resource11,2011-04-11 22:00:00.020000+00:00,General,,2011-04-11 22:00:00+00:00,Internet,2011-04-04 06:46:19.676000+00:00
case-6055,2011-02-16 00:06:40.010000+00:00,Resource11,2011-04-12 23:06:40.020000+00:00,General,,2011-04-13 23:06:40+00:00,Internet,2011-04-04 11:11:59.089000+00:00
case-6056,2011-02-16 00:06:40.010000+00:00,Resource14,2011-04-12 23:06:40.020000+00:00,General,,2011-04-12 23:06:40+00:00,Internet,2011-05-31 12:41:22.033000+00:00
case-6068,2011-02-15 23:00:00.010000+00:00,Resource07,2011-04-12 22:00:00.020000+00:00,General,,2011-04-12 22:00:00+00:00,Internet,2011-02-25 10:11:42.522000+00:00
case-6069,2011-02-15 23:00:00.010000+00:00,Resource07,2011-04-12 22:00:00.020000+00:00,General,,2011-04-12 22:00:00+00:00,Internet,2011-03-03 23:00:00.010000+00:00
case-6070,2011-02-16 23:00:00.010000+00:00,Resource02,2011-04-13 22:00:00.020000+00:00,General,,2011-04-13 22:00:00+00:00,Internet,2011-03-09 13:40:03.533000+00:00
case-6071,2011-02-16 23:00:00.010000+00:00,Resource09,2011-04-13 22:00:00.020000+00:00,General,,2011-04-13 22:00:00+00:00,Internet,2011-04-15 08:48:38.110000+00:00
case-6078,2011-02-13 23:00:00.010000+00:00,Resource08,2011-04-10 22:00:00.020000+00:00,General,,2011-04-10 22:00:00+00:00,Desk,2011-04-11 13:03:39.275000+00:00
case-6080,2011-02-15 00:06:40.010000+00:00,Resource14,2011-04-11 23:06:40.020000+00:00,General,,2011-04-11 23:06:40+00:00,Desk,2011-08-30 13:42:21.722000+00:00
case-6084,2011-02-10 23:00:00.010000+00:00,Resource11,2011-04-07 22:00:00.020000+00:00,General,,2011-04-07 22:00:00+00:00,Desk,2011-04-04 10:59:01.454000+00:00
case-6108,2011-02-20 23:00:00.010000+00:00,Resource09,2011-04-14 22:00:00.020000+00:00,General,,2011-04-14 22:00:00+00:00,Internet,2011-04-19 13:00:56.690000+00:00
case-6110,2011-02-18 23:00:00.010000+00:00,Resource23,2011-04-15 22:00:00.020000+00:00,General,,2011-04-15 22:00:00+00:00,Internet,2011-02-23 23:00:00.010000+00:00
case-6112,2011-02-17 23:00:00.010000+00:00,Resource09,2011-04-14 22:00:00.020000+00:00,General,,2011-04-14 22:00:00+00:00,Internet,2011-03-01 08:57:13.497000+00:00
case-6113,2011-02-19 23:00:00.010000+00:00,Resource12,2011-04-16 22:00:00.020000+00:00,General,,2011-04-16 22:00:00+00:00,Internet,2011-07-26 06:06:13.303000+00:00
case-6116,2011-02-20 23:00:00.010000+00:00,Resource18,2011-04-17 22:00:00.020000+00:00,General,,2011-04-17 22:00:00+00:00,Internet,2011-03-11 08:34:22.368000+00:00
case-6128,2011-02-21 00:06:40.010000+00:00,Resource08,2011-06-12 23:06:40.020000+00:00,General,,2011-06-12 23:06:40+00:00,Internet,2011-06-07 22:00:00.020000+00:00
case-6130,2011-02-08 00:06:40.010000+00:00,Resource11,2011-04-04 23:06:40.020000+00:00,General,,2011-04-04 23:06:40+00:00,Internet,2011-03-31 07:55:25.855000+00:00
case-6140,2011-02-21 00:06:40.010000+00:00,Resource17,2011-04-17 23:06:40.020000+00:00,General,,2011-04-17 23:06:40+00:00,Internet,2011-04-18 07:35:17.988000+00:00
case-6141,2011-01-27 23:00:00.010000+00:00,Resource01,2011-03-24 23:00:00.010000+00:00,General,,2011-03-24 23:00:00+00:00,Internet,2011-04-12 06:14:31.155000+00:00
case-6145,2011-02-22 00:06:40.010000+00:00,Resource15,2011-05-02 23:06:40.020000+00:00,General,,2011-05-02 23:06:40+00:00,Internet,2011-04-26 09:53:49.140000+00:00
case-6146,2011-02-22 00:06:40.010000+00:00,Resource22,2011-04-18 23:06:40.020000+00:00,General,,2011-04-18 23:06:40+00:00,Internet,2011-03-30 11:37:17.561000+00:00
case-6147,2011-02-22 00:06:40.010000+00:00,Resource14,2011-04-18 23:06:40.020000+00:00,General,,2011-04-18 23:06:40+00:00,Internet,2011-09-15 22:00:00.020000+00:00
case-6148,2011-02-22 23:00:00.010000+00:00,Resource02,2011-04-19 22:00:00.020000+00:00,General,,2011-04-19 22:00:00+00:00,Internet,2011-03-23 13:39:43.350000+00:00
case-6149,2011-02-22 23:00:00.010000+00:00,Resource11,2011-04-19 22:00:00.020000+00:00,General,,2011-04-19 22:00:00+00:00,Internet,2011-03-27 22:00:00.020000+00:00
case-6152,2011-02-20 23:00:00.010000+00:00,Resource02,2011-04-17 22:00:00.020000+00:00,General,,2011-04-17 22:00:00+00:00,Internet,2011-03-09 10:14:12.705000+00:00
case-6153,2011-02-13 23:00:00.010000+00:00,Resource05,2011-04-10 22:00:00.020000+00:00,General,,2011-04-10 22:00:00+00:00,Internet,2011-04-29 07:04:28.140000+00:00
case-6156,2011-02-15 23:00:00.010000+00:00,Resource17,2011-04-12 22:00:00.020000+00:00,General,,2011-04-12 22:00:00+00:00,Desk,2011-04-08 12:25:31.842000+00:00
case-6166,2011-02-22 23:00:00.010000+00:00,Resource11,2011-04-19 22:00:00.020000+00:00,General,,2011-04-19 22:00:00+00:00,Internet,2011-04-11 05:36:38.039000+00:00
case-6167,2011-02-22 23:00:00.010000+00:00,Resource07,2011-04-19 22:00:00.020000+00:00,General,,2011-04-19 22:00:00+00:00,Internet,2011-04-12 08:45:01.060000+00:00
case-6168,2011-02-23 23:00:00.010000+00:00,Resource11,2011-04-20 22:00:00.020000+00:00,General,,2011-04-20 22:00:00+00:00,Internet,2011-04-06 10:09:43.071000+00:00
case-6169,2011-02-24 00:06:40.010000+00:00,Resource15,2011-05-13 23:06:40.020000+00:00,General,,2011-05-13 23:06:40+00:00,Internet,2011-05-09 14:30:11.401000+00:00
case-6171,2011-02-21 23:00:00.010000+00:00,Resource02,2011-04-17 22:00:00.020000+00:00,General,,2011-04-17 22:00:00+00:00,Internet,2011-04-11 22:00:00.020000+00:00
case-6177,2010-12-05 23:00:00.010000+00:00,Resource08,2011-04-07 22:00:00.020000+00:00,General,,2011-04-07 22:00:00+00:00,Internet,2011-04-06 11:57:14.410000+00:00
case-6209,2011-02-25 00:06:40.010000+00:00,Resource11,2011-04-21 23:06:40.020000+00:00,General,,2011-04-21 23:06:40+00:00,Internet,2011-04-12 09:40:18.410000+00:00
case-6212,2011-02-24 23:00:00.010000+00:00,Resource11,2011-04-21 22:00:00.020000+00:00,General,,2011-04-21 22:00:00+00:00,Internet,2011-04-12 09:12:37.664000+00:00
case-6215,2011-02-24 23:00:00.010000+00:00,Resource02,2011-04-21 22:00:00.020000+00:00,General,,2011-04-21 22:00:00+00:00,Internet,2011-03-30 10:25:31.869000+00:00
case-6216,2011-02-10 00:06:40.010000+00:00,Resource18,2011-05-09 23:06:40.020000+00:00,General,,2011-06-09 23:06:40+00:00,Internet,2011-05-17 13:14:34.635000+00:00
case-6217,2011-02-24 23:00:00.010000+00:00,Resource18,2011-04-21 22:00:00.020000+00:00,General,,2011-04-21 22:00:00+00:00,Internet,2011-04-07 13:22:44.849000+00:00
case-6223,2011-02-24 23:00:00.010000+00:00,Resource11,2011-04-21 22:00:00.020000+00:00,General,,2011-04-21 22:00:00+00:00,Internet,2011-05-12 06:16:32.849000+00:00
case-6225,2011-02-25 00:06:40.010000+00:00,Resource02,2011-04-21 23:06:40.020000+00:00,General,,2011-04-21 23:06:40+00:00,Internet,2011-03-23 13:46:49.016000+00:00
case-6226,2011-02-25 23:00:00.010000+00:00,Resource15,2011-04-22 22:00:00.020000+00:00,General,,2011-04-22 22:00:00+00:00,Internet,2011-03-21 09:21:24.593000+00:00
case-6234,2011-02-27 00:06:40.010000+00:00,Resource11,2011-05-06 23:06:40.020000+00:00,General,,2011-05-06 23:06:40+00:00,Internet,2011-05-02 10:54:01.947000+00:00
case-6235,2011-02-24 00:06:40.010000+00:00,Resource11,2011-04-20 23:06:40.020000+00:00,General,,2011-04-20 23:06:40+00:00,Internet,2011-04-06 10:16:19.764000+00:00
case-6241,2011-02-23 00:06:40.010000+00:00,Resource11,2011-04-19 23:06:40.020000+00:00,General,,2011-04-19 23:06:40+00:00,Internet,2011-04-06 13:36:52.448000+00:00
case-6246,2011-03-01 00:06:40.010000+00:00,Resource08,2011-06-06 23:06:40.020000+00:00,General,,2011-06-06 23:06:40+00:00,Internet,2011-05-30 10:08:55.438000+00:00
case-6251,2011-02-23 00:06:40.010000+00:00,Resource11,2011-04-19 23:06:40.020000+00:00,General,,2011-04-19 23:06:40+00:00,Internet,2011-05-12 05:13:17.541000+00:00
case-6258,2011-03-02 00:06:40.010000+00:00,Resource34,2011-04-26 23:06:40.020000+00:00,General,,2011-04-26 23:06:40+00:00,Internet,2011-04-13 06:29:20.365000+00:00
case-6259,2011-03-02 00:06:40.010000+00:00,Resource11,2011-04-26 23:06:40.020000+00:00,General,,2011-04-26 23:06:40+00:00,Internet,2011-04-12 09:06:44.831000+00:00
case-6262,2011-03-02 00:06:40.010000+00:00,Resource11,2011-04-26 23:06:40.020000+00:00,General,,2011-04-26 23:06:40+00:00,Internet,2011-04-12 09:02:08.639000+00:00
case-6279,2011-03-02 23:00:00.010000+00:00,Resource21,2011-04-27 22:00:00.020000+00:00,General,,2011-04-27 22:00:00+00:00,Internet,2011-08-18 06:44:13.497000+00:00
case-6292,2011-02-14 23:00:00.010000+00:00,Resource11,2011-04-11 22:00:00.020000+00:00,General,,2011-04-11 22:00:00+00:00,Internet,2011-04-13 06:13:28.262000+00:00
case-6297,2011-02-16 00:06:40.010000+00:00,Resource02,2011-05-24 23:06:40.020000+00:00,General,Group 5,2011-05-24 23:06:40+00:00,Desk,2011-10-18 08:30:07.730000+00:00
case-6315,2011-03-01 23:00:00.010000+00:00,Resource11,2011-04-26 22:00:00.020000+00:00,General,,2011-04-26 22:00:00+00:00,Internet,2011-04-26 06:42:34.517000+00:00
case-6317,2011-03-02 23:00:00.010000+00:00,Resource11,2011-04-27 22:00:00.020000+00:00,General,,2011-04-27 22:00:00+00:00,Internet,2011-04-12 08:52:22.399000+00:00
case-6319,2011-03-01 23:00:00.010000+00:00,Resource04,2011-04-26 22:00:00.020000+00:00,General,,2011-04-26 22:00:00+00:00,Internet,2011-03-09 10:40:43.035000+00:00
case-6320,2011-03-02 23:00:00.010000+00:00,Resource11,2011-04-27 22:00:00.020000+00:00,General,,2011-04-27 22:00:00+00:00,Internet,2011-04-26 06:43:45.444000+00:00
case-6322,2011-03-02 23:00:00.010000+00:00,Resource11,2011-04-27 22:00:00.020000+00:00,General,,2011-04-27 22:00:00+00:00,Internet,2011-03-23 23:00:00.010000+00:00
case-6324,2011-03-03 23:00:00.010000+00:00,Resource11,2011-04-28 22:00:00.020000+00:00,General,,2011-04-28 22:00:00+00:00,Internet,2011-04-20 10:01:12.029000+00:00
case-6326,2011-03-04 00:06:40.010000+00:00,Resource04,2011-06-22 23:06:40.020000+00:00,General,,2011-06-22 23:06:40+00:00,Internet,2011-06-29 14:30:05.642000+00:00
case-6335,2011-03-04 23:00:00.010000+00:00,Resource11,2011-04-29 22:00:00.020000+00:00,General,,2011-04-02 22:00:00+00:00,Internet,2011-04-20 09:49:26.141000+00:00
case-6339,2011-03-06 00:06:40.010000+00:00,Resource15,2011-05-31 23:06:40.020000+00:00,General,,2011-05-31 23:06:40+00:00,Internet,2011-06-20 13:22:26.262000+00:00
case-6343,2011-03-05 23:00:00.010000+00:00,Resource02,2011-04-30 22:00:00.020000+00:00,General,,2011-04-30 22:00:00+00:00,Internet,2011-03-10 15:06:00.711000+00:00
case-6345,2011-02-23 00:06:40.010000+00:00,Resource05,2011-04-19 23:06:40.020000+00:00,General,,2011-04-19 23:06:40+00:00,Internet,2011-03-29 08:21:56.682000+00:00
case-6347,2011-02-15 23:00:00.010000+00:00,Resource04,2011-04-12 22:00:00.020000+00:00,General,,2011-04-12 22:00:00+00:00,Internet,2011-04-12 09:45:11.374000+00:00
case-6357,2011-03-03 00:06:40.010000+00:00,Resource05,2011-04-27 23:06:40.020000+00:00,General,,2011-04-27 23:06:40+00:00,Internet,2011-03-21 08:43:11.638000+00:00
case-6363,2011-02-18 00:06:40.010000+00:00,Resource11,2011-04-14 23:06:40.020000+00:00,General,,2011-04-14 23:06:40+00:00,Internet,2011-04-12 10:06:58.622000+00:00
case-6366,2011-02-22 00:06:40.010000+00:00,Resource04,2011-06-12 23:06:40.020000+00:00,General,,2011-06-12 23:06:40+00:00,Internet,2011-05-31 09:21:14.607000+00:00
case-6374,2011-03-07 23:00:00.010000+00:00,Resource12,2011-05-02 22:00:00.020000+00:00,General,,2011-05-02 22:00:00+00:00,Internet,2011-08-19 07:01:30.370000+00:00
case-6375,2011-03-07 23:00:00.010000+00:00,Resource14,2011-05-02 22:00:00.020000+00:00,General,,2011-05-02 22:00:00+00:00,Internet,2011-04-27 09:17:53.563000+00:00
case-6378,2011-03-09 00:06:40.010000+00:00,Resource02,2011-06-30 23:06:40.020000+00:00,General,,2011-06-30 23:06:40+00:00,Internet,2011-06-16 11:55:21.953000+00:00
case-6379,2011-03-09 00:06:40.010000+00:00,Resource04,2011-05-10 23:06:40.020000+00:00,General,,2011-05-10 23:06:40+00:00,Internet,2011-05-09 14:26:24.721000+00:00
case-6380,2011-03-08 23:00:00.010000+00:00,Resource11,2011-05-03 22:00:00.020000+00:00,General,,2011-05-03 22:00:00+00:00,Internet,2011-04-20 09:24:44.730000+00:00
case-6381,2011-03-08 23:00:00.010000+00:00,Resource11,2011-05-03 22:00:00.020000+00:00,General,,2011-05-03 22:00:00+00:00,Internet,2011-04-18 06:15:41.589000+00:00
case-6382,2011-03-08 23:00:00.010000+00:00,Resource11,2011-05-03 22:00:00.020000+00:00,General,,2011-05-03 22:00:00+00:00,Internet,2011-04-20 09:15:03.092000+00:00
case-6383,2011-03-08 23:00:00.010000+00:00,Resource05,2011-05-03 22:00:00.020000+00:00,General,,2011-05-03 22:00:00+00:00,Internet,2011-05-03 09:47:54.952000+00:00
case-6384,2011-02-01 23:00:00.010000+00:00,Resource01,2011-03-29 22:00:00.020000+00:00,General,,2011-03-29 22:00:00+00:00,Internet,2011-03-11 14:56:41.344000+00:00
case-6385,2011-03-08 23:00:00.010000+00:00,Resource08,2011-05-03 22:00:00.020000+00:00,General,,2011-05-03 22:00:00+00:00,Internet,2011-04-21 06:58:31.264000+00:00
case-6386,2011-02-22 00:06:40.010000+00:00,Resource02,2011-05-16 23:06:40.020000+00:00,General,,2011-05-16 23:06:40+00:00,Internet,2011-04-21 11:54:07.106000+00:00
case-6387,2011-03-09 23:00:00.010000+00:00,Resource17,2011-05-04 22:00:00.020000+00:00,General,,2011-05-04 22:00:00+00:00,Internet,2011-04-01 12:54:09.591000+00:00
case-6388,2011-02-25 00:06:40.010000+00:00,Resource11,2011-04-21 23:06:40.020000+00:00,General,,2011-04-21 23:06:40+00:00,Internet,2011-04-20 08:57:13.852000+00:00
case-6389,2011-03-09 23:00:00.010000+00:00,Resource11,2011-05-04 22:00:00.020000+00:00,General,,2011-05-04 22:00:00+00:00,Internet,2011-05-02 06:36:22.633000+00:00
case-6390,2011-03-09 23:00:00.010000+00:00,Resource11,2011-05-04 22:00:00.020000+00:00,General,,2011-05-04 22:00:00+00:00,Internet,2011-04-18 06:08:51.714000+00:00
case-6391,2011-02-28 00:06:40.010000+00:00,Resource17,2011-06-05 23:06:40.020000+00:00,General,,2011-06-05 23:06:40+00:00,Internet,2011-04-21 15:10:22.871000+00:00
case-6407,2011-03-09 23:00:00.010000+00:00,Resource11,2011-05-04 22:00:00.020000+00:00,General,,2011-05-04 22:00:00+00:00,Internet,2011-04-26 07:22:50.149000+00:00
case-6411,2011-03-11 00:06:40.010000+00:00,Resource18,2011-06-29 23:06:40.020000+00:00,General,,2011-06-29 23:06:40+00:00,Internet,2011-06-30 10:17:32.708000+00:00
case-6413,2011-03-11 00:06:40.010000+00:00,Resource08,2011-05-05 23:06:40.020000+00:00,General,,2011-05-05 23:06:40+00:00,Internet,2011-05-04 14:12:17.687000+00:00
case-6415,2011-03-01 00:06:40.010000+00:00,Resource08,2011-04-25 23:06:40.020000+00:00,General,,2011-04-25 23:06:40+00:00,Desk,2011-04-21 13:00:04.459000+00:00
case-6417,2011-02-28 23:00:00.010000+00:00,Resource17,2011-04-25 22:00:00.020000+00:00,General,,2011-04-25 22:00:00+00:00,Desk,2011-04-26 08:55:15.989000+00:00
case-6437,2011-03-13 23:00:00.010000+00:00,Resource21,2011-05-08 22:00:00.020000+00:00,General,,2011-05-08 22:00:00+00:00,Internet,2011-08-18 06:45:49.181000+00:00
case-6438,2011-03-12 23:00:00.010000+00:00,Resource13,2011-05-07 22:00:00.020000+00:00,General,,2011-05-07 22:00:00+00:00,Internet,2011-05-04 14:15:12.118000+00:00
case-6459,2011-02-26 23:00:00.010000+00:00,Resource17,2011-04-23 22:00:00.020000+00:00,General,,2011-04-23 22:00:00+00:00,Internet,2011-04-21 12:24:59.920000+00:00
case-6471,2011-03-15 00:06:40.010000+00:00,Resource11,2011-05-09 23:06:40.020000+00:00,General,,2011-05-09 23:06:40+00:00,Internet,2011-05-11 11:43:32.245000+00:00
case-6475,2011-03-14 23:00:00.010000+00:00,Resource11,2011-05-09 22:00:00.020000+00:00,General,,2011-05-09 22:00:00+00:00,Internet,2011-04-18 06:00:57.296000+00:00
case-6480,2011-03-14 23:00:00.010000+00:00,Resource11,2011-05-09 22:00:00.020000+00:00,General,,2011-05-09 22:00:00+00:00,Internet,2011-05-02 09:28:13.405000+00:00
case-6495,2011-03-15 23:00:00.010000+00:00,Resource02,2011-05-10 22:00:00.020000+00:00,General,,2011-05-10 22:00:00+00:00,Internet,2011-03-31 13:24:59.444000+00:00
case-6496,2011-03-15 23:00:00.010000+00:00,Resource05,2011-05-10 22:00:00.020000+00:00,General,,2011-05-10 22:00:00+00:00,Internet,2011-04-07 08:39:01.540000+00:00
case-6498,2011-03-16 00:06:40.010000+00:00,Resource08,2011-06-21 23:06:40.020000+00:00,General,,2011-06-21 23:06:40+00:00,Internet,2011-06-27 06:56:56.974000+00:00
case-6503,2011-03-06 23:00:00.010000+00:00,admin3,2011-05-01 22:00:00.020000+00:00,Customer contact,,2011-05-01 22:00:00+00:00,Desk,2011-03-18 09:02:30.725000+00:00
case-6504,2011-03-09 00:06:40.010000+00:00,Resource06,2011-05-03 23:06:40.020000+00:00,General,,2011-05-03 23:06:40+00:00,Desk,2011-04-29 07:44:59.052000+00:00
case-6512,2011-03-15 23:00:00.010000+00:00,Resource06,2011-05-10 22:00:00.020000+00:00,General,,2011-05-10 22:00:00+00:00,Internet,2011-03-24 13:33:41.874000+00:00
case-6515,2011-02-24 23:00:00.010000+00:00,Resource04,2011-04-21 22:00:00.020000+00:00,General,,2011-04-21 22:00:00+00:00,Internet,2011-03-18 14:06:58.511000+00:00
case-6516,2011-03-16 00:06:40.010000+00:00,Resource18,2011-05-19 23:06:40.020000+00:00,General,,2011-06-20 23:06:40+00:00,Internet,2011-06-01 09:48:48.133000+00:00
case-6517,2011-02-24 23:00:00.010000+00:00,Resource04,2011-04-21 22:00:00.020000+00:00,General,,2011-04-21 22:00:00+00:00,Internet,2011-03-18 14:44:27.843000+00:00
case-6537,2011-03-13 23:00:00.010000+00:00,admin1,2011-05-08 22:00:00.020000+00:00,General,,2011-05-08 22:00:00+00:00,Internet,2011-05-10 10:24:24.005000+00:00
case-6538,2011-03-12 00:06:40.010000+00:00,Resource05,2011-05-06 23:06:40.020000+00:00,General,,2011-05-06 23:06:40+00:00,Internet,2011-03-31 11:56:51.700000+00:00
case-6540,2011-03-07 00:06:40.010000+00:00,Resource02,2011-05-01 23:06:40.020000+00:00,General,,2011-05-01 23:06:40+00:00,Internet,2011-04-19 09:59:28.010000+00:00
case-6541,2011-02-23 00:06:40.010000+00:00,Resource14,2011-04-19 23:06:40.020000+00:00,General,,2011-04-19 23:06:40+00:00,Desk,2011-05-09 14:33:35.631000+00:00
case-6542,2011-03-15 23:00:00.010000+00:00,Resource11,2011-05-10 22:00:00.020000+00:00,General,,2011-05-10 22:00:00+00:00,Desk,2011-05-03 05:05:55.556000+00:00
case-6544,2011-03-16 23:00:00.010000+00:00,Resource11,2011-05-11 22:00:00.020000+00:00,General,,2011-05-11 22:00:00+00:00,Post,2011-05-03 05:17:38.353000+00:00
case-6545,2011-03-16 23:00:00.010000+00:00,Resource06,2011-05-11 22:00:00.020000+00:00,General,,2011-05-11 22:00:00+00:00,Desk,2011-03-30 10:29:45.678000+00:00
case-6585,2011-03-16 23:00:00.010000+00:00,Resource11,2011-05-11 22:00:00.020000+00:00,General,,2011-05-11 22:00:00+00:00,Internet,2011-05-02 13:08:33.826000+00:00
case-6606,2011-03-21 00:06:40.010000+00:00,Resource08,2011-05-15 23:06:40.020000+00:00,General,,2011-05-15 23:06:40+00:00,Internet,2011-04-28 08:45:13.017000+00:00
case-6607,2011-03-20 00:06:40.010000+00:00,Resource06,2011-05-20 23:06:40.020000+00:00,General,,2011-05-20 23:06:40+00:00,Internet,2011-05-23 13:03:05.403000+00:00
case-6610,2011-03-19 23:00:00.010000+00:00,Resource11,2011-05-14 22:00:00.020000+00:00,General,,2011-05-14 22:00:00+00:00,Internet,2011-05-03 05:20:58.757000+00:00
case-6612,2011-03-22 00:06:40.010000+00:00,Resource08,2011-05-16 23:06:40.020000+00:00,General,,2011-05-16 23:06:40+00:00,Internet,2011-05-12 12:00:01.208000+00:00
case-6617,2011-03-03 00:06:40.010000+00:00,Resource17,2011-04-27 23:06:40.020000+00:00,General,,2011-04-27 23:06:40+00:00,Internet,2011-04-28 13:44:56.661000+00:00
case-6622,2011-03-21 23:00:00.010000+00:00,Resource18,2011-05-16 22:00:00.020000+00:00,General,,2011-05-16 22:00:00+00:00,Internet,2011-04-13 12:48:57.628000+00:00
case-6631,2011-03-02 00:06:40.010000+00:00,Resource06,2011-05-17 23:06:40.020000+00:00,General,,2011-05-17 23:06:40+00:00,Post,2011-05-16 12:11:42.356000+00:00
case-6644,2011-03-01 23:00:00.010000+00:00,Resource17,2011-04-26 22:00:00.020000+00:00,General,,2011-04-26 22:00:00+00:00,Post,2011-04-03 22:00:00.020000+00:00
case-6645,2011-03-01 23:00:00.010000+00:00,Resource11,2011-04-26 22:00:00.020000+00:00,General,,2011-04-26 22:00:00+00:00,Post,2011-04-26 13:11:59.286000+00:00
case-6646,2011-03-06 23:00:00.010000+00:00,Resource02,2011-05-01 22:00:00.020000+00:00,General,,2011-05-01 22:00:00+00:00,Post,2011-05-02 12:11:47.699000+00:00
case-6648,2011-03-06 23:00:00.010000+00:00,Resource02,2011-05-01 22:00:00.020000+00:00,General,,2011-05-01 22:00:00+00:00,Post,2011-05-02 12:19:56.484000+00:00
case-6649,2011-03-07 23:00:00.010000+00:00,Resource11,2011-05-02 22:00:00.020000+00:00,General,,2011-05-02 22:00:00+00:00,Post,2011-05-19 13:31:20.458000+00:00
case-6650,2011-03-09 23:00:00.010000+00:00,Resource06,2011-05-04 22:00:00.020000+00:00,General,,2011-05-04 22:00:00+00:00,Post,2011-05-03 09:50:19.323000+00:00
case-6653,2011-03-10 23:00:00.010000+00:00,Resource06,2011-05-05 22:00:00.020000+00:00,General,,2011-05-05 22:00:00+00:00,Post,2011-04-29 09:29:43.730000+00:00
case-6654,2011-03-10 23:00:00.010000+00:00,Resource11,2011-05-05 22:00:00.020000+00:00,General,,2011-05-05 22:00:00+00:00,Post,2011-05-02 07:54:01.913000+00:00
case-6655,2011-02-27 00:06:40.010000+00:00,Resource06,2011-04-23 23:06:40.020000+00:00,Experts,,2011-04-30 23:06:40+00:00,Internet,2011-04-27 22:00:00.020000+00:00
case-6662,2011-03-25 00:06:40.010000+00:00,Resource15,2011-05-29 23:06:40.020000+00:00,General,,2011-05-29 23:06:40+00:00,Post,2011-05-27 11:03:53.522000+00:00
case-6665,2011-03-09 23:00:00.010000+00:00,Resource11,2011-05-04 22:00:00.020000+00:00,General,,2011-05-04 22:00:00+00:00,Post,2011-05-02 07:35:12.891000+00:00
case-6667,2011-03-15 23:00:00.010000+00:00,Resource11,2011-05-10 22:00:00.020000+00:00,General,,2011-05-10 22:00:00+00:00,Post,2011-05-02 13:30:05.555000+00:00
case-6668,2011-03-16 00:06:40.010000+00:00,Resource04,2011-06-21 23:06:40.020000+00:00,General,,2011-06-21 23:06:40+00:00,Post,2011-06-01 08:43:32.531000+00:00
case-6671,2011-03-21 23:00:00.010000+00:00,Resource09,2011-05-16 22:00:00.020000+00:00,General,,2011-05-16 22:00:00+00:00,Post,2011-07-26 12:14:27.386000+00:00
case-6672,2011-03-06 23:00:00.010000+00:00,Resource22,2011-05-01 22:00:00.020000+00:00,General,,2011-05-01 22:00:00+00:00,Post,2011-05-11 13:19:21.594000+00:00
case-6678,2011-03-22 00:06:40.010000+00:00,Resource04,2011-06-13 23:06:40.020000+00:00,General,,2011-05-16 23:06:40+00:00,Internet,2011-07-08 09:55:22.139000+00:00
case-6679,2011-03-21 23:00:00.010000+00:00,Resource17,2011-05-16 22:00:00.020000+00:00,General,,2011-05-16 22:00:00+00:00,Internet,2011-05-17 07:51:38.926000+00:00
case-6680,2011-03-23 00:06:40.010000+00:00,Resource13,2011-07-10 23:06:40.020000+00:00,General,,2011-07-10 23:06:40+00:00,Internet,2011-07-12 13:13:17.702000+00:00
case-6681,2011-03-21 23:00:00.010000+00:00,Resource15,2011-05-16 22:00:00.020000+00:00,General,,2011-05-16 22:00:00+00:00,Internet,2011-05-12 10:05:59.735000+00:00
case-6682,2011-03-23 00:06:40.010000+00:00,Resource18,2011-06-23 23:06:40.020000+00:00,General,,2011-08-04 23:06:40+00:00,Internet,2011-08-03 12:52:24.942000+00:00
case-6683,2011-03-23 23:00:00.010000+00:00,Resource08,2011-05-18 22:00:00.020000+00:00,General,,2011-05-18 22:00:00+00:00,Internet,2011-06-16 05:50:11.848000+00:00
case-6684,2011-03-24 00:06:40.010000+00:00,Resource14,2011-05-18 23:06:40.020000+00:00,General,,2011-05-18 23:06:40+00:00,Internet,2011-06-20 14:40:14.763000+00:00
case-6709,2011-03-23 23:00:00.010000+00:00,Resource11,2011-05-18 22:00:00.020000+00:00,General,,2011-05-18 22:00:00+00:00,Internet,2011-05-30 05:48:47.369000+00:00
case-6710,2011-03-23 23:00:00.010000+00:00,Resource11,2011-05-18 22:00:00.020000+00:00,General,,2011-05-18 22:00:00+00:00,Internet,2011-05-03 05:44:05.415000+00:00
case-6711,2011-03-23 23:00:00.010000+00:00,Resource08,2011-05-18 22:00:00.020000+00:00,General,,2011-05-18 22:00:00+00:00,Internet,2011-05-19 08:14:27.216000+00:00
case-6712,2011-03-24 23:00:00.010000+00:00,Resource11,2011-05-19 22:00:00.020000+00:00,General,,2011-05-19 22:00:00+00:00,Internet,2011-05-04 06:15:10.967000+00:00
case-6713,2011-03-24 23:00:00.010000+00:00,admin1,2011-05-19 22:00:00.020000+00:00,General,,2011-05-19 22:00:00+00:00,Internet,2011-06-21 07:39:12.616000+00:00
case-6714,2011-03-25 00:06:40.010000+00:00,Resource04,2011-06-23 23:06:40.020000+00:00,General,Group 5,2011-06-23 23:06:40+00:00,Internet,2011-06-21 13:18:27.406000+00:00
case-6715,2011-03-25 00:06:40.010000+00:00,Resource04,2011-05-19 23:06:40.020000+00:00,General,,2011-05-19 23:06:40+00:00,Internet,2011-05-18 14:16:04.715000+00:00
case-6719,2011-03-25 00:06:40.010000+00:00,Resource06,2011-06-16 23:06:40.020000+00:00,General,,2011-06-16 23:06:40+00:00,Internet,2011-06-16 10:09:17.112000+00:00
case-6724,2011-03-02 00:06:40.010000+00:00,Resource09,2011-04-26 23:06:40.020000+00:00,General,,2011-04-26 23:06:40+00:00,e-mail,2011-05-16 07:51:38.002000+00:00
case-6737,2011-03-25 00:06:40.010000+00:00,Resource11,2011-05-19 23:06:40.020000+00:00,General,,2011-05-19 23:06:40+00:00,Internet,2011-05-11 08:03:04.278000+00:00
case-6738,2011-03-25 23:00:00.010000+00:00,Resource11,2011-05-20 22:00:00.020000+00:00,General,,2011-05-20 22:00:00+00:00,Internet,2011-05-03 05:26:00.355000+00:00
case-6739,2011-03-25 23:00:00.010000+00:00,Resource11,2011-05-21 22:00:00.020000+00:00,General,,2011-05-21 22:00:00+00:00,Internet,2011-05-04 06:33:12.367000+00:00
case-6747,2011-03-27 22:00:00.020000+00:00,Resource11,2011-05-22 22:00:00.020000+00:00,General,,2011-05-22 22:00:00+00:00,Internet,2011-06-09 10:02:47.145000+00:00
case-6748,2011-03-27 22:00:00.020000+00:00,Resource13,2011-05-22 22:00:00.020000+00:00,General,,2011-05-22 22:00:00+00:00,Internet,2011-05-20 08:16:51.355000+00:00
case-6749,2011-03-27 23:06:40.020000+00:00,Resource08,2011-05-22 23:06:40.020000+00:00,General,,2011-05-22 23:06:40+00:00,Internet,2011-05-18 12:05:02.912000+00:00
case-6751,2011-03-16 23:00:00.010000+00:00,Resource05,2011-05-11 22:00:00.020000+00:00,General,,2011-05-11 22:00:00+00:00,Internet,2011-05-11 13:38:18.938000+00:00
case-6757,2011-03-03 23:00:00.010000+00:00,Resource14,2011-04-28 22:00:00.020000+00:00,General,,2011-04-28 22:00:00+00:00,e-mail,2011-08-31 09:20:42.561000+00:00
case-6765,2011-03-17 23:00:00.010000+00:00,Resource08,2011-05-12 22:00:00.020000+00:00,General,,2011-05-12 22:00:00+00:00,Internet,2011-05-13 07:54:20.801000+00:00
case-6767,2011-03-28 22:00:00.020000+00:00,Resource05,2011-05-23 22:00:00.020000+00:00,General,,2011-05-23 22:00:00+00:00,Internet,2011-05-19 13:45:39.897000+00:00
case-6778,2011-03-17 23:00:00.010000+00:00,Resource08,2011-05-12 22:00:00.020000+00:00,General,,2011-05-12 22:00:00+00:00,Internet,2011-05-13 08:13:27.812000+00:00
case-6782,2011-03-27 23:06:40.020000+00:00,admin1,2011-07-26 23:06:40.020000+00:00,General,,2011-07-26 23:06:40+00:00,Internet,2011-08-31 09:48:48.898000+00:00
case-6785,2011-03-28 22:00:00.020000+00:00,Resource08,2011-05-23 22:00:00.020000+00:00,General,,2011-05-23 22:00:00+00:00,Internet,2011-05-17 11:24:16.426000+00:00
case-6786,2011-03-29 22:00:00.020000+00:00,Resource06,2011-05-24 22:00:00.020000+00:00,General,,2011-05-24 22:00:00+00:00,Internet,2011-04-21 10:15:57.402000+00:00
case-6787,2011-03-29 23:06:40.020000+00:00,Resource11,2011-05-24 23:06:40.020000+00:00,General,,2011-05-24 23:06:40+00:00,Internet,2011-05-04 09:08:57.615000+00:00
case-6790,2011-03-29 22:00:00.020000+00:00,Resource11,2011-05-24 22:00:00.020000+00:00,General,,2011-05-24 22:00:00+00:00,Internet,2011-05-12 06:59:34.294000+00:00
case-6800,2011-03-29 23:06:40.020000+00:00,Resource14,2011-05-24 23:06:40.020000+00:00,General,,2011-05-24 23:06:40+00:00,Internet,2011-09-07 13:24:18.355000+00:00
case-6801,2011-03-30 22:00:00.020000+00:00,Resource11,2011-05-25 22:00:00.020000+00:00,General,,2011-05-25 22:00:00+00:00,Internet,2011-04-21 08:43:49.725000+00:00
case-6802,2011-03-30 22:00:00.020000+00:00,Resource11,2011-05-25 22:00:00.020000+00:00,General,,2011-05-25 22:00:00+00:00,Internet,2011-05-04 06:47:50.171000+00:00
case-6804,2011-03-30 22:00:00.020000+00:00,Resource11,2011-05-25 22:00:00.020000+00:00,General,,2011-05-25 22:00:00+00:00,Internet,2011-05-11 08:08:17.075000+00:00
case-6805,2011-03-30 22:00:00.020000+00:00,Resource09,2011-05-25 22:00:00.020000+00:00,General,,2011-05-25 22:00:00+00:00,Internet,2011-06-30 07:38:10.645000+00:00
case-6807,2011-03-31 22:00:00.020000+00:00,Resource11,2011-05-26 22:00:00.020000+00:00,General,,2011-05-26 22:00:00+00:00,Internet,2011-05-11 08:38:56.426000+00:00
case-6838,2011-03-31 22:00:00.020000+00:00,Resource14,2011-05-26 22:00:00.020000+00:00,General,,2011-05-26 22:00:00+00:00,Internet,2011-05-31 09:22:53.024000+00:00
case-6848,2011-03-13 23:00:00.010000+00:00,Resource11,2011-05-08 22:00:00.020000+00:00,General,,2011-05-08 22:00:00+00:00,Post,2011-05-20 12:23:58.983000+00:00
case-6862,2011-03-19 23:00:00.010000+00:00,Resource23,2011-05-14 22:00:00.020000+00:00,General,,2011-05-14 22:00:00+00:00,Internet,2011-06-01 06:27:49.750000+00:00
case-6864,2011-04-04 22:00:00.020000+00:00,Resource11,2011-05-30 22:00:00.020000+00:00,General,,2011-05-30 22:00:00+00:00,Internet,2011-05-11 08:12:43.232000+00:00
case-6865,2011-04-04 23:06:40.020000+00:00,Resource11,2011-05-30 23:06:40.020000+00:00,General,,2011-05-30 23:06:40+00:00,Internet,2011-05-11 08:24:18.810000+00:00
case-6869,2011-04-05 22:00:00.020000+00:00,Resource01,2011-05-30 22:00:00.020000+00:00,General,,2011-05-30 22:00:00+00:00,Internet,2011-05-24 22:00:00.020000+00:00
case-6872,2011-04-05 22:00:00.020000+00:00,Resource06,2011-05-30 22:00:00.020000+00:00,General,,2011-05-30 22:00:00+00:00,Internet,2011-05-26 12:44:18.896000+00:00
case-6874,2011-04-05 23:06:40.020000+00:00,Resource01,2011-05-30 23:06:40.020000+00:00,General,,2011-05-30 23:06:40+00:00,Internet,2011-05-29 22:00:00.020000+00:00
case-6899,2011-04-05 22:00:00.020000+00:00,Resource01,2011-05-31 22:00:00.020000+00:00,General,,2011-05-31 22:00:00+00:00,Internet,2011-05-24 22:00:00.020000+00:00
case-6900,2011-04-05 22:00:00.020000+00:00,Resource11,2011-05-31 22:00:00.020000+00:00,General,,2011-05-31 22:00:00+00:00,Internet,2011-05-19 08:38:35.015000+00:00
case-6901,2011-02-25 00:06:40.010000+00:00,Resource22,2011-04-06 23:06:40.020000+00:00,General,,2011-04-06 23:06:40+00:00,Internet,2011-05-09 09:55:01.282000+00:00
case-6902,2010-12-30 23:00:00.010000+00:00,admin1,2011-02-23 23:00:00.010000+00:00,General,,2011-02-23 23:00:00+00:00,Internet,2011-05-27 13:23:14.842000+00:00
case-6904,2011-04-05 22:00:00.020000+00:00,Resource11,2011-05-31 22:00:00.020000+00:00,General,,2011-05-31 22:00:00+00:00,Internet,2011-05-11 08:44:38.184000+00:00
case-6912,2011-03-22 00:06:40.010000+00:00,Resource06,2011-05-16 23:06:40.020000+00:00,General,,2011-05-16 23:06:40+00:00,Desk,2011-05-12 06:39:47.740000+00:00
case-6944,2011-04-05 22:00:00.020000+00:00,Resource01,2011-05-31 22:00:00.020000+00:00,General,,2011-05-31 22:00:00+00:00,Internet,2011-05-24 22:00:00.020000+00:00
case-6947,2011-04-06 23:06:40.020000+00:00,Resource11,2011-06-01 23:06:40.020000+00:00,General,,2011-06-01 23:06:40+00:00,Internet,2011-05-23 07:49:37.059000+00:00
case-6948,2011-04-06 22:00:00.020000+00:00,Resource01,2011-06-01 22:00:00.020000+00:00,General,,2011-06-01 22:00:00+00:00,Internet,2011-05-19 09:46:19.473000+00:00
case-6950,2011-04-09 22:00:00.020000+00:00,Resource11,2011-06-04 22:00:00.020000+00:00,General,,2011-06-04 22:00:00+00:00,Internet,2011-05-19 10:06:02.771000+00:00
case-6951,2010-12-09 00:06:40.010000+00:00,Resource17,2011-04-13 23:06:40.020000+00:00,General,,2011-04-13 23:06:40+00:00,Internet,2011-04-11 22:00:00.020000+00:00
case-6953,2011-04-05 23:06:40.020000+00:00,Resource06,2011-05-17 23:06:40.020000+00:00,General,,2011-05-31 23:06:40+00:00,Internet,2011-06-17 06:32:56.223000+00:00
case-6955,2011-04-06 22:00:00.020000+00:00,Resource01,2011-06-01 22:00:00.020000+00:00,General,,2011-06-01 22:00:00+00:00,Internet,2011-05-24 22:00:00.020000+00:00
case-6957,2011-04-07 22:00:00.020000+00:00,Resource13,2011-06-02 22:00:00.020000+00:00,General,,2011-06-02 22:00:00+00:00,Internet,2011-05-26 09:37:57.372000+00:00
case-6969,2011-03-24 23:00:00.010000+00:00,Resource06,2011-05-19 22:00:00.020000+00:00,General,,2011-05-19 22:00:00+00:00,Desk,2011-05-23 14:14:21.628000+00:00
case-6979,2011-04-06 22:00:00.020000+00:00,Resource02,2011-06-01 22:00:00.020000+00:00,General,,2011-06-01 22:00:00+00:00,Internet,2011-05-25 13:38:06.845000+00:00
case-6982,2011-04-08 23:06:40.020000+00:00,Resource06,2011-06-05 23:06:40.020000+00:00,General,,2011-06-05 23:06:40+00:00,Internet,2011-06-24 07:37:47.317000+00:00
case-6987,2011-04-06 23:06:40.020000+00:00,Resource15,2011-06-01 23:06:40.020000+00:00,General,,2011-06-01 23:06:40+00:00,Internet,2011-04-21 07:38:51.239000+00:00
case-6988,2011-04-08 23:06:40.020000+00:00,Resource02,2011-06-30 23:06:40.020000+00:00,General,Group 5,2011-06-30 23:06:40+00:00,Internet,2011-07-07 13:01:56.078000+00:00
case-6989,2011-04-10 22:00:00.020000+00:00,Resource01,2011-06-05 22:00:00.020000+00:00,General,,2011-06-05 22:00:00+00:00,Internet,2011-05-19 08:53:50.047000+00:00
case-6990,2011-04-10 22:00:00.020000+00:00,Resource11,2011-06-05 22:00:00.020000+00:00,General,,2011-06-05 22:00:00+00:00,Internet,2011-05-31 06:25:25.998000+00:00
case-6993,2011-04-10 22:00:00.020000+00:00,Resource11,2011-06-05 22:00:00.020000+00:00,General,,2011-06-05 22:00:00+00:00,Internet,2011-06-05 22:00:00.020000+00:00
case-6995,2011-03-31 23:06:40.020000+00:00,Resource08,2011-05-26 23:06:40.020000+00:00,General,,2011-05-26 23:06:40+00:00,Internet,2011-05-16 22:00:00.020000+00:00
case-6996,2011-03-21 23:00:00.010000+00:00,Resource11,2011-05-16 22:00:00.020000+00:00,General,,2011-05-16 22:00:00+00:00,Desk,2011-05-23 07:22:52.709000+00:00
case-6997,2011-04-10 22:00:00.020000+00:00,Resource01,2011-06-05 22:00:00.020000+00:00,General,,2011-06-05 22:00:00+00:00,Internet,2011-05-31 05:51:26.263000+00:00
case-6998,2011-03-22 00:06:40.010000+00:00,Resource13,2011-06-30 23:06:40.020000+00:00,General,,2011-06-30 23:06:40+00:00,Desk,2011-06-20 13:22:29.132000+00:00
case-6999,2011-03-31 23:06:40.020000+00:00,Resource08,2011-05-26 23:06:40.020000+00:00,General,,2011-05-26 23:06:40+00:00,Internet,2011-05-16 22:00:00.020000+00:00
case-7000,2011-03-23 00:06:40.010000+00:00,Resource17,2011-05-17 23:06:40.020000+00:00,General,,2011-05-17 23:06:40+00:00,Desk,2011-05-17 08:41:23.512000+00:00
case-7002,2011-03-31 22:00:00.020000+00:00,Resource08,2011-05-26 22:00:00.020000+00:00,General,,2011-05-26 22:00:00+00:00,Internet,2011-05-16 22:00:00.020000+00:00
case-7004,2011-03-24 00:06:40.010000+00:00,Resource11,2011-05-14 23:06:40.020000+00:00,General,,2011-05-14 23:06:40+00:00,Internet,2011-05-04 06:00:41.113000+00:00
case-7005,2011-04-11 23:06:40.020000+00:00,Resource11,2011-06-06 23:06:40.020000+00:00,General,,2011-06-11 23:06:40+00:00,Internet,2011-06-06 12:43:46.515000+00:00
case-7008,2011-03-31 22:00:00.020000+00:00,Resource08,2011-05-26 22:00:00.020000+00:00,General,,2011-05-26 22:00:00+00:00,Internet,2011-05-16 22:00:00.020000+00:00
case-7012,2011-03-23 23:00:00.010000+00:00,Resource02,2011-05-18 22:00:00.020000+00:00,General,,2011-05-18 22:00:00+00:00,Desk,2011-05-18 11:24:47.744000+00:00
case-7014,2011-03-31 23:06:40.020000+00:00,Resource08,2011-05-26 23:06:40.020000+00:00,General,,2011-05-26 23:06:40+00:00,Internet,2011-05-16 22:00:00.020000+00:00
case-7016,2011-03-25 00:06:40.010000+00:00,Resource12,2011-05-19 23:06:40.020000+00:00,General,,2011-05-19 23:06:40+00:00,Internet,2011-06-21 12:20:05.524000+00:00
case-7036,2011-04-09 23:06:40.020000+00:00,Resource09,2011-06-04 23:06:40.020000+00:00,General,,2011-06-04 23:06:40+00:00,Internet,2011-05-26 22:00:00.020000+00:00
case-7037,2011-04-10 23:06:40.020000+00:00,Resource15,2011-07-17 23:06:40.020000+00:00,General,,2011-07-17 23:06:40+00:00,Internet,2011-07-19 11:15:08.506000+00:00
case-7042,2011-04-11 23:06:40.020000+00:00,Resource09,2011-06-06 23:06:40.020000+00:00,General,,2011-06-06 23:06:40+00:00,Internet,2011-06-30 07:41:23.780000+00:00
case-7043,2011-04-11 22:00:00.020000+00:00,Resource02,2011-06-06 22:00:00.020000+00:00,General,,2011-06-06 22:00:00+00:00,Internet,2011-05-30 10:56:19.706000+00:00
case-7045,2011-04-11 23:06:40.020000+00:00,Resource04,2011-06-22 23:06:40.020000+00:00,General,,2011-06-22 23:06:40+00:00,Internet,2011-06-22 14:04:10.860000+00:00
case-7047,2011-04-12 22:00:00.020000+00:00,Resource11,2011-06-07 22:00:00.020000+00:00,General,,2011-06-07 22:00:00+00:00,Internet,2011-05-19 10:28:29.205000+00:00
case-7048,2011-04-12 22:00:00.020000+00:00,Resource11,2011-06-07 22:00:00.020000+00:00,General,,2011-06-07 22:00:00+00:00,Internet,2011-05-19 12:07:15.448000+00:00
case-7051,2011-04-12 23:06:40.020000+00:00,Resource11,2011-06-07 23:06:40.020000+00:00,General,,2011-06-07 23:06:40+00:00,Internet,2011-05-19 11:54:09.449000+00:00
case-7052,2011-04-12 22:00:00.020000+00:00,Resource11,2011-06-07 22:00:00.020000+00:00,General,,2011-06-07 22:00:00+00:00,Internet,2011-05-23 12:09:24.011000+00:00
case-7053,2011-04-12 22:00:00.020000+00:00,Resource17,2011-06-07 22:00:00.020000+00:00,General,,2011-06-07 22:00:00+00:00,Internet,2011-06-06 13:24:53.815000+00:00
case-7058,2011-04-12 22:00:00.020000+00:00,Resource15,2011-06-07 22:00:00.020000+00:00,General,,2011-06-07 22:00:00+00:00,Internet,2011-05-31 12:07:43.182000+00:00
case-7060,2011-04-13 23:06:40.020000+00:00,Resource12,2011-06-08 23:06:40.020000+00:00,General,Group 5,2011-06-08 23:06:40+00:00,Internet,2011-09-14 14:00:50.214000+00:00
case-7079,2011-04-13 22:00:00.020000+00:00,Resource02,2011-06-08 22:00:00.020000+00:00,General,,2011-06-08 22:00:00+00:00,Internet,2011-05-30 12:47:00.868000+00:00
case-7080,2011-04-12 23:06:40.020000+00:00,Resource11,2011-06-07 23:06:40.020000+00:00,General,,2011-06-07 23:06:40+00:00,Internet,2011-05-19 12:11:26.431000+00:00
case-7083,2011-04-14 23:06:40.020000+00:00,Resource14,2011-06-09 23:06:40.020000+00:00,General,,2011-06-09 23:06:40+00:00,Internet,2011-06-09 14:14:51.712000+00:00
case-7084,2011-04-17 22:00:00.020000+00:00,Resource11,2011-06-12 22:00:00.020000+00:00,General,,2011-06-12 22:00:00+00:00,Internet,2011-06-09 15:50:00.750000+00:00
case-7085,2011-04-18 22:00:00.020000+00:00,Resource21,2011-06-13 22:00:00.020000+00:00,General,,2011-06-13 22:00:00+00:00,Internet,2011-08-18 06:47:26.880000+00:00
case-7087,2011-04-04 23:06:40.020000+00:00,Resource14,2011-05-30 23:06:40.020000+00:00,General,Group 5,2011-05-30 23:06:40+00:00,Internet,
case-7089,2011-04-13 23:06:40.020000+00:00,Resource18,2011-04-20 23:06:40.020000+00:00,General,,2011-04-21 23:06:40+00:00,Internet,2011-04-21 13:28:13.241000+00:00
case-709,2010-09-30 22:00:00.020000+00:00,Resource21,2010-11-25 23:00:00.010000+00:00,General,,2010-11-25 23:00:00+00:00,Internet,2011-08-18 06:41:39.734000+00:00
case-7091,2011-03-28 23:06:40.020000+00:00,Resource04,2011-05-23 23:06:40.020000+00:00,General,,2011-05-23 23:06:40+00:00,Internet,2011-05-20 14:28:57.947000+00:00
case-7092,2011-03-30 22:00:00.020000+00:00,Resource11,2011-05-25 22:00:00.020000+00:00,General,,2011-05-25 22:00:00+00:00,Internet,2011-05-11 08:29:02.178000+00:00
case-7093,2011-03-30 22:00:00.020000+00:00,Resource11,2011-05-25 22:00:00.020000+00:00,General,,2011-05-25 22:00:00+00:00,Internet,2011-05-11 08:20:22.501000+00:00
case-7094,2011-03-30 22:00:00.020000+00:00,Resource05,2011-05-25 22:00:00.020000+00:00,General,,2011-05-25 22:00:00+00:00,Internet,2011-06-16 12:45:04.264000+00:00
case-7108,2011-04-16 22:00:00.020000+00:00,Resource14,2011-06-11 22:00:00.020000+00:00,General,,2011-06-11 22:00:00+00:00,Internet,2011-06-09 14:52:12.437000+00:00
case-7110,2011-02-14 23:00:00.010000+00:00,Resource06,2011-04-11 22:00:00.020000+00:00,General,,2011-04-11 22:00:00+00:00,Internet,2011-04-20 10:40:53.709000+00:00
case-7112,2011-03-25 00:06:40.010000+00:00,Resource25,2011-05-19 23:06:40.020000+00:00,General,,2011-05-19 23:06:40+00:00,e-mail,2011-05-24 13:00:51.630000+00:00
case-7114,2011-03-31 22:00:00.020000+00:00,Resource12,2011-05-26 22:00:00.020000+00:00,General,,2011-05-26 22:00:00+00:00,Desk,2011-08-30 08:59:41.122000+00:00
case-7117,2011-03-31 22:00:00.020000+00:00,Resource12,2011-05-26 22:00:00.020000+00:00,General,,2011-05-26 22:00:00+00:00,Desk,2011-08-30 07:21:52.980000+00:00
case-7119,2011-03-30 22:00:00.020000+00:00,admin1,2011-05-25 22:00:00.020000+00:00,General,,2011-05-25 22:00:00+00:00,Internet,2011-05-25 09:56:19.436000+00:00
case-7120,2011-03-21 23:00:00.010000+00:00,Resource14,2011-05-17 22:00:00.020000+00:00,General,,2011-05-17 22:00:00+00:00,Internet,2011-05-13 12:57:38.805000+00:00
case-7129,2011-04-18 23:06:40.020000+00:00,Resource13,2011-06-13 23:06:40.020000+00:00,General,,2011-06-13 23:06:40+00:00,Internet,2011-06-17 06:57:46.186000+00:00
case-7131,2011-04-18 22:00:00.020000+00:00,Resource11,2011-06-13 22:00:00.020000+00:00,General,,2011-06-13 22:00:00+00:00,Internet,2011-05-25 06:15:25.760000+00:00
case-7132,2011-03-27 23:06:40.020000+00:00,Resource17,2011-05-22 23:06:40.020000+00:00,General,,2011-05-22 23:06:40+00:00,Internet,2011-05-23 10:40:03.643000+00:00
case-7134,2011-03-31 22:00:00.020000+00:00,Resource18,2011-05-26 22:00:00.020000+00:00,General,,2011-05-26 22:00:00+00:00,Internet,2011-05-31 09:41:15.066000+00:00
case-7175,2011-04-18 22:00:00.020000+00:00,Resource05,2011-06-13 22:00:00.020000+00:00,General,,2011-06-13 22:00:00+00:00,Internet,2011-05-31 13:05:31.360000+00:00
case-7177,2011-04-18 23:06:40.020000+00:00,Resource13,2011-06-13 23:06:40.020000+00:00,General,,2011-06-13 23:06:40+00:00,Internet,2011-05-04 06:18:25.137000+00:00
case-7178,2011-04-19 22:00:00.020000+00:00,Resource11,2011-06-14 22:00:00.020000+00:00,General,,2011-06-14 22:00:00+00:00,Internet,2011-05-25 06:18:19.702000+00:00
case-7182,2011-04-19 23:06:40.020000+00:00,Resource13,2011-08-12 23:06:40.020000+00:00,General,Group 5,2011-08-12 23:06:40+00:00,Internet,2011-08-12 13:44:31.411000+00:00
case-7183,2011-01-27 00:06:40.010000+00:00,Resource02,2011-03-24 00:06:40.010000+00:00,General,,2011-03-24 00:06:40+00:00,Internet,2011-05-25 10:10:33.468000+00:00
case-7187,2011-04-19 23:06:40.020000+00:00,Resource04,2011-06-14 23:06:40.020000+00:00,General,,2011-06-14 23:06:40+00:00,Internet,2011-06-16 07:47:30.599000+00:00
case-7189,2011-04-19 22:00:00.020000+00:00,Resource02,2011-06-14 22:00:00.020000+00:00,General,,2011-06-14 22:00:00+00:00,e-mail,2011-06-01 07:36:32.823000+00:00
case-7192,2011-04-20 23:06:40.020000+00:00,Resource32,2011-07-13 23:06:40.020000+00:00,General,Group 8,2011-07-13 23:06:40+00:00,Internet,2011-07-11 09:28:34.813000+00:00
case-7194,2011-04-21 23:06:40.020000+00:00,Resource02,2011-06-16 23:06:40.020000+00:00,General,,2011-06-16 23:06:40+00:00,Internet,2011-06-16 11:33:48.845000+00:00
case-7197,2011-04-23 22:00:00.020000+00:00,Resource01,2011-06-18 22:00:00.020000+00:00,General,,2011-06-18 22:00:00+00:00,Internet,2011-07-15 06:56:51.052000+00:00
case-7233,2011-03-31 23:06:40.020000+00:00,Resource02,2011-07-07 23:06:40.020000+00:00,General,,2011-07-07 23:06:40+00:00,Desk,2011-07-08 14:02:33.750000+00:00
case-7256,2011-04-24 23:06:40.020000+00:00,Resource05,2011-06-19 23:06:40.020000+00:00,General,Group 5,2011-06-19 23:06:40+00:00,Internet,2011-06-22 14:49:24.689000+00:00
case-7264,2011-04-25 23:06:40.020000+00:00,Resource13,2011-08-29 23:06:40.020000+00:00,General,Group 5,2011-08-29 23:06:40+00:00,Internet,2011-08-29 07:49:09.129000+00:00
case-7265,2011-04-24 23:06:40.020000+00:00,Resource08,2011-06-19 23:06:40.020000+00:00,General,,2011-06-19 23:06:40+00:00,Internet,2011-07-15 09:43:59.244000+00:00
case-7266,2011-04-24 23:06:40.020000+00:00,Resource13,2011-07-31 23:06:40.020000+00:00,General,,2011-07-31 23:06:40+00:00,Internet,2011-07-29 08:07:52.691000+00:00
case-7267,2011-04-25 22:00:00.020000+00:00,Resource11,2011-06-20 22:00:00.020000+00:00,General,,2011-06-20 22:00:00+00:00,Internet,2011-05-30 06:37:38.745000+00:00
case-7268,2011-04-25 22:00:00.020000+00:00,Resource01,2011-06-20 22:00:00.020000+00:00,General,,2011-06-20 22:00:00+00:00,Internet,2011-05-12 12:18:55.154000+00:00
case-7269,2011-04-25 22:00:00.020000+00:00,Resource11,2011-06-20 22:00:00.020000+00:00,General,,2011-06-20 22:00:00+00:00,Internet,2011-05-30 06:51:10.622000+00:00
case-7270,2011-04-03 22:00:00.020000+00:00,Resource18,2011-05-29 22:00:00.020000+00:00,General,,2011-05-29 22:00:00+00:00,Desk,2011-06-28 14:02:27.895000+00:00
case-7272,2011-04-25 23:06:40.020000+00:00,Resource14,2011-06-20 23:06:40.020000+00:00,General,Group 5,2011-06-20 23:06:40+00:00,Internet,
case-7273,2011-04-26 23:06:40.020000+00:00,Resource02,2011-08-02 23:06:40.020000+00:00,General,,2011-08-02 23:06:40+00:00,Internet,2011-08-03 08:53:58.465000+00:00
case-7274,2011-02-28 00:06:40.010000+00:00,Resource17,2011-04-24 23:06:40.020000+00:00,General,,2011-04-24 23:06:40+00:00,Internet,2011-05-03 11:36:04.846000+00:00
case-7297,2011-04-25 22:00:00.020000+00:00,Resource11,2011-06-20 22:00:00.020000+00:00,General,,2011-06-20 22:00:00+00:00,Internet,2011-05-31 06:44:23.922000+00:00
case-7300,2011-04-27 22:00:00.020000+00:00,Resource04,2011-06-22 22:00:00.020000+00:00,General,,2011-06-22 22:00:00+00:00,Internet,2011-07-06 09:55:18.834000+00:00
case-7301,2011-04-07 23:06:40.020000+00:00,Resource06,2011-06-22 23:06:40.020000+00:00,General,,2011-06-02 23:06:40+00:00,Desk,2011-08-30 08:29:38.597000+00:00
case-7305,2011-02-07 00:06:40.010000+00:00,Resource15,2011-05-01 23:06:40.020000+00:00,General,,2011-05-01 23:06:40+00:00,Internet,2011-06-09 14:49:33.859000+00:00
case-7310,2011-03-22 00:06:40.010000+00:00,Resource22,2011-06-27 23:06:40.020000+00:00,General,Group 5,2011-06-27 23:06:40+00:00,Desk,2011-07-26 06:47:26.864000+00:00
case-7311,2011-04-28 22:00:00.020000+00:00,Resource02,2011-06-23 22:00:00.020000+00:00,General,,2011-06-23 22:00:00+00:00,Internet,2011-06-24 12:16:14.675000+00:00
case-7314,2011-04-28 22:00:00.020000+00:00,Resource11,2011-06-23 22:00:00.020000+00:00,General,,2011-06-23 22:00:00+00:00,Internet,2011-05-30 07:02:48.360000+00:00
case-7317,2011-04-13 22:00:00.020000+00:00,Resource14,2011-06-08 22:00:00.020000+00:00,General,,2011-06-08 22:00:00+00:00,Desk,2011-05-31 09:22:16.958000+00:00
case-7320,2011-04-30 22:00:00.020000+00:00,Resource02,2011-06-25 22:00:00.020000+00:00,General,,2011-06-25 22:00:00+00:00,Internet,2011-06-28 07:29:37.394000+00:00
case-7322,2011-04-04 23:06:40.020000+00:00,Resource14,2011-05-30 23:06:40.020000+00:00,General,,2011-05-30 23:06:40+00:00,Internet,2011-10-07 14:30:37.337000+00:00
case-7341,2011-04-28 23:06:40.020000+00:00,Resource02,2011-06-23 23:06:40.020000+00:00,General,,2011-06-23 23:06:40+00:00,e-mail,2011-05-20 09:59:47.595000+00:00
case-7349,2011-05-02 22:00:00.020000+00:00,Resource15,2011-06-05 22:00:00.020000+00:00,General,,2011-06-05 22:00:00+00:00,Internet,2011-06-01 13:45:41.973000+00:00
case-7358,2011-05-03 23:06:40.020000+00:00,Resource09,2011-06-28 23:06:40.020000+00:00,General,Group 5,2011-06-28 23:06:40+00:00,Internet,2011-09-02 08:03:10.286000+00:00
case-7362,2011-04-18 22:00:00.020000+00:00,Resource09,2011-06-13 22:00:00.020000+00:00,General,,2011-06-13 22:00:00+00:00,Post,2011-08-03 08:41:37.121000+00:00
case-7363,2011-04-19 22:00:00.020000+00:00,Resource12,2011-06-14 22:00:00.020000+00:00,General,,2011-06-14 22:00:00+00:00,Post,2011-05-31 06:36:31.861000+00:00
case-7364,2011-05-03 23:06:40.020000+00:00,Resource02,2011-06-28 23:06:40.020000+00:00,General,,2011-06-28 23:06:40+00:00,Internet,2011-05-11 09:59:11.016000+00:00
case-7416,2011-05-02 22:00:00.020000+00:00,admin1,2011-06-27 22:00:00.020000+00:00,General,,2011-06-27 22:00:00+00:00,Internet,2011-11-18 10:17:34.048000+00:00
case-7418,2011-04-28 22:00:00.020000+00:00,Resource12,2011-06-23 22:00:00.020000+00:00,General,,2011-06-23 22:00:00+00:00,Internet,2011-10-26 09:29:00.694000+00:00
case-7421,2011-03-30 22:00:00.020000+00:00,Resource06,2011-05-25 22:00:00.020000+00:00,General,,2011-05-25 22:00:00+00:00,Desk,2011-05-25 08:32:35.580000+00:00
case-7423,2011-05-03 23:06:40.020000+00:00,Resource12,2011-07-13 23:06:40.020000+00:00,General,Group 5,2011-07-13 23:06:40+00:00,Internet,2011-10-14 14:31:58.382000+00:00
case-7425,2011-04-24 23:06:40.020000+00:00,Resource18,2011-06-19 23:06:40.020000+00:00,General,,2011-06-19 23:06:40+00:00,Post,2011-07-15 09:12:45.695000+00:00
case-7426,2011-04-24 22:00:00.020000+00:00,Resource18,2011-06-19 22:00:00.020000+00:00,General,,2011-06-19 22:00:00+00:00,Post,2011-07-20 08:35:05.430000+00:00
case-7442,2011-05-04 22:00:00.020000+00:00,Resource11,2011-06-29 22:00:00.020000+00:00,General,,2011-06-29 22:00:00+00:00,Internet,2011-05-23 12:00:45.003000+00:00
case-7443,2011-05-07 23:06:40.020000+00:00,Resource02,2011-07-02 23:06:40.020000+00:00,General,,2011-07-02 23:06:40+00:00,Internet,2011-05-11 13:00:12.108000+00:00
case-7469,2011-04-26 23:06:40.020000+00:00,Resource11,2011-06-21 23:06:40.020000+00:00,General,,2011-07-02 23:06:40+00:00,Desk,2011-06-09 09:56:05.923000+00:00
case-7472,2011-04-20 23:06:40.020000+00:00,Resource08,2011-06-15 23:06:40.020000+00:00,General,,2011-06-15 23:06:40+00:00,Desk,2011-06-16 08:45:12.296000+00:00
case-7477,2011-04-17 22:00:00.020000+00:00,Resource11,2011-06-12 22:00:00.020000+00:00,General,,2011-06-12 22:00:00+00:00,Desk,2011-06-06 05:30:41.375000+00:00
case-7497,2011-04-20 23:06:40.020000+00:00,Resource13,2011-07-20 23:06:40.020000+00:00,General,,2011-07-20 23:06:40+00:00,Desk,2011-07-20 07:23:56.285000+00:00
case-7503,2011-04-27 23:06:40.020000+00:00,Resource06,2011-09-14 23:06:40.020000+00:00,General,,2011-09-14 23:06:40+00:00,Desk,2011-09-15 10:22:10.181000+00:00
case-7523,2011-05-09 23:06:40.020000+00:00,Resource02,2011-09-19 23:06:40.020000+00:00,General,,2011-09-19 23:06:40+00:00,Internet,2011-09-01 10:40:46.536000+00:00
case-7525,2011-05-10 23:06:40.020000+00:00,Resource02,2011-07-31 23:06:40.020000+00:00,General,,2011-07-31 23:06:40+00:00,Internet,2011-08-02 09:10:20.030000+00:00
case-7535,2011-04-25 22:00:00.020000+00:00,Resource08,2011-06-20 22:00:00.020000+00:00,General,,2011-06-20 22:00:00+00:00,Desk,2011-05-27 07:10:17.111000+00:00
case-7541,2011-04-27 22:00:00.020000+00:00,Resource04,2011-06-22 22:00:00.020000+00:00,General,,2011-06-22 22:00:00+00:00,Desk,2011-06-01 09:08:31.534000+00:00
case-7556,2011-05-10 22:00:00.020000+00:00,Resource02,2011-07-05 22:00:00.020000+00:00,General,Group 5,2011-07-05 22:00:00+00:00,Internet,2011-07-11 09:35:18.493000+00:00
case-7558,2011-05-10 22:00:00.020000+00:00,Resource12,2011-07-05 22:00:00.020000+00:00,General,,2011-07-05 22:00:00+00:00,Internet,2011-05-30 22:00:00.020000+00:00
case-7563,2011-05-11 22:00:00.020000+00:00,Resource11,2011-07-06 22:00:00.020000+00:00,General,,2011-07-06 22:00:00+00:00,Internet,2011-06-06 12:57:38.616000+00:00
case-7565,2011-05-11 23:06:40.020000+00:00,Resource13,2011-08-17 23:06:40.020000+00:00,General,,2011-08-17 23:06:40+00:00,Internet,2011-08-15 09:57:56.227000+00:00
case-7566,2011-05-11 22:00:00.020000+00:00,Resource05,2011-07-06 22:00:00.020000+00:00,General,,2011-07-06 22:00:00+00:00,Internet,2011-08-22 10:42:33.383000+00:00
case-7567,2011-05-11 22:00:00.020000+00:00,Resource11,2011-07-06 22:00:00.020000+00:00,General,,2011-07-06 22:00:00+00:00,Internet,2011-06-09 09:33:30.970000+00:00
case-7568,2011-05-11 22:00:00.020000+00:00,Resource18,2011-07-06 22:00:00.020000+00:00,General,,2011-07-06 22:00:00+00:00,Internet,2011-08-30 10:09:03.786000+00:00
case-7569,2011-05-11 22:00:00.020000+00:00,Resource12,2011-07-06 22:00:00.020000+00:00,General,,2011-07-06 22:00:00+00:00,Internet,2011-08-30 11:50:32.613000+00:00
case-7570,2011-05-14 22:00:00.020000+00:00,Resource01,2011-07-09 22:00:00.020000+00:00,General,,2011-07-09 22:00:00+00:00,Internet,2011-07-11 10:17:31.615000+00:00
case-7579,2011-05-08 22:00:00.020000+00:00,Resource15,2011-07-03 22:00:00.020000+00:00,General,,2011-07-03 22:00:00+00:00,Desk,2011-07-01 13:17:49.913000+00:00
case-7584,2011-05-17 22:00:00.020000+00:00,Resource21,2011-07-12 22:00:00.020000+00:00,General,,2011-07-12 22:00:00+00:00,Internet,2011-08-18 06:47:56.972000+00:00
case-7590,2011-04-28 22:00:00.020000+00:00,Resource05,2011-06-23 22:00:00.020000+00:00,General,,2011-06-23 22:00:00+00:00,Desk,2011-06-24 12:21:57.533000+00:00
case-7612,2011-05-15 22:00:00.020000+00:00,Resource09,2011-07-10 22:00:00.020000+00:00,General,,2011-07-10 22:00:00+00:00,Internet,2011-10-31 09:00:36.314000+00:00
case-7628,2011-05-15 23:06:40.020000+00:00,Resource02,2011-08-21 23:06:40.020000+00:00,General,Group 5,2011-08-21 23:06:40+00:00,Internet,2011-08-22 14:26:36.759000+00:00
case-7630,2011-04-26 23:06:40.020000+00:00,admin1,2011-07-19 23:06:40.020000+00:00,General,,2011-07-19 23:06:40+00:00,Desk,2011-07-20 06:55:48.402000+00:00
case-7631,2011-05-16 23:06:40.020000+00:00,Resource17,2011-07-11 23:06:40.020000+00:00,General,,2011-07-11 23:06:40+00:00,Internet,2011-07-13 13:54:41.180000+00:00
case-7632,2011-05-17 23:06:40.020000+00:00,Resource02,2011-07-12 23:06:40.020000+00:00,General,,2011-07-12 23:06:40+00:00,Internet,2011-07-12 09:04:49.692000+00:00
case-7664,2011-05-18 22:00:00.020000+00:00,Resource01,2011-07-13 22:00:00.020000+00:00,General,,2011-07-13 22:00:00+00:00,Internet,2011-06-21 06:33:13.322000+00:00
case-7665,2011-05-18 23:06:40.020000+00:00,Resource11,2011-07-13 23:06:40.020000+00:00,General,,2011-07-13 23:06:40+00:00,Internet,2011-06-21 12:23:14.147000+00:00
case-7666,2011-05-18 22:00:00.020000+00:00,Resource11,2011-07-13 22:00:00.020000+00:00,General,,2011-07-13 22:00:00+00:00,Internet,2011-06-22 07:03:31.262000+00:00
case-7667,2011-05-18 22:00:00.020000+00:00,Resource11,2011-07-13 22:00:00.020000+00:00,General,,2011-07-13 22:00:00+00:00,Internet,2011-06-22 06:58:43.213000+00:00
case-7683,2011-05-18 22:00:00.020000+00:00,Resource02,2011-07-13 22:00:00.020000+00:00,General,,2011-07-13 22:00:00+00:00,Internet,2011-07-13 14:40:02.484000+00:00
case-7685,2011-05-18 22:00:00.020000+00:00,Resource02,2011-07-13 22:00:00.020000+00:00,General,Group 5,2011-07-13 22:00:00+00:00,Internet,2011-07-14 14:10:39.025000+00:00
case-7686,2011-05-19 22:00:00.020000+00:00,Resource11,2011-07-14 22:00:00.020000+00:00,General,Group 8,2011-07-14 22:00:00+00:00,Internet,2011-07-13 05:51:18.158000+00:00
case-7689,2011-05-19 22:00:00.020000+00:00,Resource04,2011-07-14 22:00:00.020000+00:00,General,,2011-07-14 22:00:00+00:00,Internet,2011-05-24 22:00:00.020000+00:00
case-7690,2011-05-12 23:06:40.020000+00:00,Resource06,2011-08-18 23:06:40.020000+00:00,General,,2011-08-18 23:06:40+00:00,Internet,2011-08-17 12:51:31.130000+00:00
case-7693,2011-05-16 22:00:00.020000+00:00,Resource08,2011-07-11 22:00:00.020000+00:00,General,,2011-07-11 22:00:00+00:00,Internet,2011-06-16 08:08:59.610000+00:00
case-7694,2011-05-11 22:00:00.020000+00:00,Resource14,2011-07-06 22:00:00.020000+00:00,General,,2011-07-06 22:00:00+00:00,Internet,2011-08-16 07:07:19.279000+00:00
case-7697,2011-05-19 23:06:40.020000+00:00,Resource06,2011-07-14 23:06:40.020000+00:00,General,,2011-07-14 23:06:40+00:00,Internet,2011-06-09 15:07:38.304000+00:00
case-7699,2011-05-10 23:06:40.020000+00:00,Resource04,2011-08-09 23:06:40.020000+00:00,General,,2011-08-09 23:06:40+00:00,Internet,2011-08-12 10:13:02.602000+00:00
case-7700,2011-05-15 23:06:40.020000+00:00,Resource06,2011-09-04 23:06:40.020000+00:00,General,,2011-09-04 23:06:40+00:00,Internet,2011-09-22 07:29:32.860000+00:00
case-7750,2011-05-22 23:06:40.020000+00:00,Resource13,2011-07-21 23:06:40.020000+00:00,General,,2011-07-21 23:06:40+00:00,Internet,2011-07-20 08:00:20.946000+00:00
case-7751,2010-12-11 23:00:00.010000+00:00,Resource22,2011-02-05 23:00:00.010000+00:00,General,,2011-02-05 23:00:00+00:00,Internet,2011-05-30 14:47:33.837000+00:00
case-7753,2011-05-15 22:00:00.020000+00:00,Resource04,2011-07-10 22:00:00.020000+00:00,General,,2011-07-10 22:00:00+00:00,e-mail,2011-07-12 13:26:10.291000+00:00
case-7754,2011-05-23 22:00:00.020000+00:00,admin3,2011-07-18 22:00:00.020000+00:00,Customer contact,,2011-07-18 22:00:00+00:00,Internet,2011-05-24 22:00:00.020000+00:00
case-7755,2011-05-24 23:06:40.020000+00:00,Resource01,2011-07-19 23:06:40.020000+00:00,General,,2011-07-19 23:06:40+00:00,Internet,2011-06-21 13:00:53.806000+00:00
case-7757,2011-05-23 22:00:00.020000+00:00,Resource11,2011-07-18 22:00:00.020000+00:00,General,Group 8,2011-07-18 22:00:00+00:00,Internet,2011-07-12 05:47:56.905000+00:00
case-7758,2011-05-22 22:00:00.020000+00:00,Resource11,2011-07-17 22:00:00.020000+00:00,General,Group 8,2011-07-17 22:00:00+00:00,Internet,2011-08-15 05:52:55.041000+00:00
case-7759,2011-05-22 23:06:40.020000+00:00,Resource13,2011-07-17 23:06:40.020000+00:00,General,,2011-07-17 23:06:40+00:00,Internet,2011-07-19 07:57:29.392000+00:00
case-7760,2011-05-23 22:00:00.020000+00:00,Resource01,2011-07-18 22:00:00.020000+00:00,General,,2011-07-18 22:00:00+00:00,Internet,2011-06-06 13:09:33.450000+00:00
case-7761,2011-05-26 23:06:40.020000+00:00,Resource04,2011-08-18 23:06:40.020000+00:00,General,Group 5,2011-08-18 23:06:40+00:00,Internet,2011-08-17 14:30:51.464000+00:00
case-7762,2011-05-22 23:06:40.020000+00:00,Resource02,2011-08-28 23:06:40.020000+00:00,General,,2011-08-28 23:06:40+00:00,Internet,2011-09-21 13:19:39.030000+00:00
case-7763,2011-05-26 22:00:00.020000+00:00,Resource02,2011-07-21 22:00:00.020000+00:00,General,,2011-07-21 22:00:00+00:00,Internet,2011-06-01 07:02:45.723000+00:00
case-7805,2011-05-25 23:06:40.020000+00:00,Resource14,2011-07-20 23:06:40.020000+00:00,General,,2011-07-20 23:06:40+00:00,Internet,
case-7807,2011-05-25 22:00:00.020000+00:00,Resource12,2011-07-20 22:00:00.020000+00:00,General,,2011-07-20 22:00:00+00:00,Internet,2011-08-17 10:25:55.993000+00:00
case-7810,2011-05-25 22:00:00.020000+00:00,Resource13,2011-07-20 22:00:00.020000+00:00,General,,2011-07-20 22:00:00+00:00,Internet,2011-07-20 06:27:32.767000+00:00
case-7814,2011-05-01 22:00:00.020000+00:00,Resource02,2011-06-26 22:00:00.020000+00:00,General,,2011-06-26 22:00:00+00:00,Internet,2011-06-28 10:08:16.358000+00:00
case-7815,2011-05-12 23:06:40.020000+00:00,Resource05,2011-07-07 23:06:40.020000+00:00,General,,2011-07-07 23:06:40+00:00,Internet,2011-07-12 13:40:36.201000+00:00
case-7817,2011-05-17 22:00:00.020000+00:00,Resource01,2011-07-12 22:00:00.020000+00:00,General,,2011-07-12 22:00:00+00:00,Internet,2011-07-07 07:39:24.114000+00:00
case-7818,2011-05-12 22:00:00.020000+00:00,Resource06,2011-07-07 22:00:00.020000+00:00,General,Group 5,2011-07-07 22:00:00+00:00,Internet,2011-08-02 22:00:00.020000+00:00
case-7832,2011-05-28 23:06:40.020000+00:00,Resource02,2011-09-07 23:06:40.020000+00:00,General,,2011-09-07 23:06:40+00:00,Internet,2011-08-02 08:53:16.729000+00:00
case-7847,2011-05-29 23:06:40.020000+00:00,Resource02,2011-10-25 23:06:40.020000+00:00,General,,2011-10-25 23:06:40+00:00,Internet,2011-10-20 09:05:33.020000+00:00
case-7851,2011-05-29 22:00:00.020000+00:00,Resource06,2011-07-24 22:00:00.020000+00:00,General,,2011-07-24 22:00:00+00:00,Internet,2011-07-20 09:28:19.607000+00:00
case-7856,2011-05-29 22:00:00.020000+00:00,Resource05,2011-07-24 22:00:00.020000+00:00,General,,2011-07-24 22:00:00+00:00,Internet,2011-08-15 09:22:26.220000+00:00
case-7905,2011-05-30 22:00:00.020000+00:00,Resource11,2011-07-25 22:00:00.020000+00:00,General,Group 8,2011-07-25 22:00:00+00:00,Internet,2011-07-25 07:57:39.681000+00:00
case-7907,2011-05-30 23:06:40.020000+00:00,Resource11,2011-07-25 23:06:40.020000+00:00,General,Group 8,2011-07-25 23:06:40+00:00,Internet,2011-07-18 12:17:16.031000+00:00
case-7908,2011-05-30 22:00:00.020000+00:00,Resource11,2011-07-25 22:00:00.020000+00:00,General,Group 8,2011-07-25 22:00:00+00:00,Internet,2011-07-13 05:56:32.983000+00:00
case-7911,2011-05-30 22:00:00.020000+00:00,Resource11,2011-07-25 22:00:00.020000+00:00,General,Group 8,2011-07-25 22:00:00+00:00,Internet,2011-07-13 06:05:04.176000+00:00
case-7912,2011-05-30 22:00:00.020000+00:00,Resource11,2011-07-25 22:00:00.020000+00:00,General,Group 8,2011-07-25 22:00:00+00:00,Internet,2011-07-13 06:17:38.614000+00:00
case-7915,2011-05-30 23:06:40.020000+00:00,Resource11,2011-07-25 23:06:40.020000+00:00,General,Group 8,2011-07-25 23:06:40+00:00,Internet,2011-07-25 05:33:19.467000+00:00
case-7917,2011-05-31 22:00:00.020000+00:00,Resource11,2011-07-26 22:00:00.020000+00:00,General,Group 8,2011-07-26 22:00:00+00:00,Internet,2011-07-18 12:32:07.502000+00:00
case-7918,2011-05-31 22:00:00.020000+00:00,Resource11,2011-07-26 22:00:00.020000+00:00,General,Group 8,2011-07-26 22:00:00+00:00,Internet,2011-07-18 12:40:29.864000+00:00
case-7920,2011-05-31 22:00:00.020000+00:00,Resource01,2011-07-26 22:00:00.020000+00:00,General,,2011-07-26 22:00:00+00:00,Internet,2011-06-30 22:00:00.020000+00:00
case-7922,2011-05-31 22:00:00.020000+00:00,Resource11,2011-07-26 22:00:00.020000+00:00,General,Group 8,2011-07-26 22:00:00+00:00,Internet,2011-07-20 08:04:31.199000+00:00
case-7923,2011-05-31 22:00:00.020000+00:00,Resource11,2011-07-26 22:00:00.020000+00:00,General,Group 8,2011-07-26 22:00:00+00:00,Internet,2011-07-20 08:12:12.378000+00:00
case-7926,2011-05-31 23:06:40.020000+00:00,Resource04,2011-10-24 23:06:40.020000+00:00,General,,2011-10-24 23:06:40+00:00,Internet,2011-10-05 10:35:48.463000+00:00
case-7929,2011-06-02 22:00:00.020000+00:00,Resource14,2011-07-28 22:00:00.020000+00:00,General,,2011-07-28 22:00:00+00:00,Internet,2012-01-06 07:33:38.909000+00:00
case-7953,2011-05-22 23:06:40.020000+00:00,Resource13,2011-09-05 23:06:40.020000+00:00,General,,2011-09-05 23:06:40+00:00,Internet,2011-07-28 13:02:44.383000+00:00
case-7956,2011-05-23 22:00:00.020000+00:00,Resource12,2011-07-18 22:00:00.020000+00:00,General,,2011-07-18 22:00:00+00:00,Internet,2011-07-19 11:43:38.735000+00:00
case-7957,2011-05-23 22:00:00.020000+00:00,Resource11,2011-07-18 22:00:00.020000+00:00,General,Group 8,2011-07-18 22:00:00+00:00,Internet,2011-08-18 13:56:42.667000+00:00
case-7958,2011-05-25 23:06:40.020000+00:00,Resource05,2011-07-20 23:06:40.020000+00:00,General,,2011-07-20 23:06:40+00:00,Internet,2011-07-20 05:59:15.627000+00:00
case-7960,2011-06-05 22:00:00.020000+00:00,Resource12,2011-07-31 22:00:00.020000+00:00,General,,2011-07-31 22:00:00+00:00,Internet,
case-7961,2011-05-29 23:06:40.020000+00:00,Resource13,2011-08-08 23:06:40.020000+00:00,General,,2011-08-08 23:06:40+00:00,Internet,2011-08-12 13:10:50.100000+00:00
case-7976,2011-06-05 22:00:00.020000+00:00,Resource11,2011-07-31 22:00:00.020000+00:00,General,Group 8,2011-07-31 22:00:00+00:00,Internet,2011-07-20 08:20:56.199000+00:00
case-7978,2011-05-29 22:00:00.020000+00:00,Resource15,2011-07-24 22:00:00.020000+00:00,General,,2011-07-24 22:00:00+00:00,Internet,2011-06-24 12:40:16.300000+00:00
case-7980,2011-05-17 23:06:40.020000+00:00,Resource53,2011-07-12 23:06:40.020000+00:00,General,Group 10,2011-07-12 23:06:40+00:00,Internet,
case-7981,2011-05-10 22:00:00.020000+00:00,Resource15,2011-07-05 22:00:00.020000+00:00,General,,2011-07-05 22:00:00+00:00,Internet,2011-07-08 13:19:47.775000+00:00
case-7986,2011-05-30 22:00:00.020000+00:00,Resource02,2011-07-25 22:00:00.020000+00:00,General,,2011-07-25 22:00:00+00:00,Internet,2011-06-17 11:39:08.410000+00:00
case-7988,2011-05-30 22:00:00.020000+00:00,Resource13,2011-07-25 22:00:00.020000+00:00,General,,2011-07-25 22:00:00+00:00,Internet,2011-07-15 09:38:31.886000+00:00
case-7990,2011-06-05 22:00:00.020000+00:00,Resource11,2011-07-31 22:00:00.020000+00:00,General,Group 8,2011-07-31 22:00:00+00:00,Internet,2011-07-20 08:34:03.921000+00:00
case-7991,2011-06-06 22:00:00.020000+00:00,Resource01,2011-08-01 22:00:00.020000+00:00,General,Group 8,2011-08-01 22:00:00+00:00,Internet,2011-07-28 09:36:29.366000+00:00
case-8011,2011-06-05 22:00:00.020000+00:00,Resource11,2011-07-31 22:00:00.020000+00:00,General,Group 8,2011-07-31 22:00:00+00:00,Internet,2011-07-20 08:47:01.655000+00:00
case-8012,2011-06-07 22:00:00.020000+00:00,Resource11,2011-08-02 22:00:00.020000+00:00,General,Group 8,2011-08-02 22:00:00+00:00,Internet,2011-07-20 09:29:19.470000+00:00
case-8014,2011-06-07 22:00:00.020000+00:00,Resource11,2011-08-02 22:00:00.020000+00:00,General,Group 8,2011-08-02 22:00:00+00:00,Internet,2011-07-20 09:36:05.108000+00:00
case-8015,2011-06-07 22:00:00.020000+00:00,Resource11,2011-08-02 22:00:00.020000+00:00,General,Group 8,2011-08-02 22:00:00+00:00,Internet,2011-07-25 08:11:47.884000+00:00
case-8016,2011-06-07 22:00:00.020000+00:00,Resource11,2011-08-02 22:00:00.020000+00:00,General,Group 8,2011-08-02 22:00:00+00:00,Internet,2011-07-27 06:35:00.199000+00:00
case-8017,2011-06-07 22:00:00.020000+00:00,Resource11,2011-08-02 22:00:00.020000+00:00,General,Group 8,2011-08-02 22:00:00+00:00,Internet,2011-07-21 07:46:33.313000+00:00
case-8018,2011-06-06 22:00:00.020000+00:00,Resource11,2011-08-01 22:00:00.020000+00:00,General,Group 8,2011-08-01 22:00:00+00:00,Internet,2011-07-20 09:00:36.494000+00:00
case-8019,2011-06-08 22:00:00.020000+00:00,Resource01,2011-08-03 22:00:00.020000+00:00,General,Group 8,2011-08-03 22:00:00+00:00,Internet,2011-06-21 06:32:30.705000+00:00
case-8020,2011-06-08 22:00:00.020000+00:00,Resource11,2011-08-03 22:00:00.020000+00:00,General,Group 8,2011-08-03 22:00:00+00:00,Internet,2011-07-25 06:11:56.678000+00:00
case-8021,2011-06-08 22:00:00.020000+00:00,Resource13,2011-08-03 22:00:00.020000+00:00,General,Group 5,2011-08-03 22:00:00+00:00,Internet,2011-08-02 09:20:35.789000+00:00
case-8047,2011-06-10 15:00:10.794000+00:00,Resource26,2011-08-05 15:00:10.794000+00:00,General,,2011-08-05 15:00:10.794000+00:00,Internet,
case-8061,2011-06-13 13:37:34.380000+00:00,Resource26,2011-08-08 13:37:34.380000+00:00,General,,2011-08-08 13:37:34.380000+00:00,Internet,
case-8068,2011-06-14 08:08:29.011000+00:00,Resource14,2011-08-09 08:08:29.011000+00:00,General,Group 5,2011-08-09 08:08:29.011000+00:00,Internet,2011-10-24 10:38:10.339000+00:00
case-8077,2011-06-13 23:06:40.020000+00:00,Resource04,2011-08-08 23:06:40.020000+00:00,General,Group 5,2011-08-08 23:06:40+00:00,Internet,2011-08-07 22:00:00.020000+00:00
case-8079,2011-06-14 12:45:00.957000+00:00,Resource26,2011-08-31 12:45:00.957000+00:00,General,,2011-08-31 12:45:00.957000+00:00,Internet,
case-8081,2011-06-13 23:06:40.020000+00:00,Resource11,2011-08-08 23:06:40.020000+00:00,General,Group 8,2011-08-08 23:06:40+00:00,Internet,2011-07-25 07:12:43.992000+00:00
case-8082,2011-06-13 23:06:40.020000+00:00,Resource11,2011-08-08 23:06:40.020000+00:00,General,Group 8,2011-08-08 23:06:40+00:00,Internet,2011-07-25 06:20:52.864000+00:00
case-8083,2011-06-13 23:06:40.020000+00:00,Resource11,2011-08-08 23:06:40.020000+00:00,General,Group 8,2011-08-08 23:06:40+00:00,Internet,2011-07-25 06:38:59.632000+00:00
case-8084,2011-06-13 23:06:40.020000+00:00,Resource11,2011-08-08 23:06:40.020000+00:00,General,Group 8,2011-08-08 23:06:40+00:00,Internet,2011-07-25 06:51:37.539000+00:00
case-8092,2011-06-09 23:06:40.020000+00:00,Resource13,2011-08-04 23:06:40.020000+00:00,General,Group 5,2011-08-04 23:06:40+00:00,Internet,2011-07-13 13:30:24.198000+00:00
case-8093,2011-06-14 23:06:40.020000+00:00,Resource04,2011-09-20 23:06:40.020000+00:00,General,Group 5,2011-09-20 23:06:40+00:00,Internet,2011-09-05 09:45:11.852000+00:00
case-8098,2011-05-25 23:06:40.020000+00:00,Resource13,2011-07-20 23:06:40.020000+00:00,General,Group 5,2011-07-20 23:06:40+00:00,Desk,2011-08-23 08:00:13.100000+00:00
case-8099,2011-06-15 13:16:24.392000+00:00,admin3,2011-08-10 13:16:24.392000+00:00,Customer contact,,2011-08-10 13:16:24.392000+00:00,Internet,2011-08-09 12:37:32.274000+00:00
case-8100,2011-03-31 23:06:40.020000+00:00,Resource06,2011-05-26 23:06:40.020000+00:00,General,Group 5,2011-05-26 23:06:40+00:00,Internet,2011-06-24 08:10:32.020000+00:00
case-8102,2011-05-25 23:06:40.020000+00:00,Resource13,2011-08-31 23:06:40.020000+00:00,General,Group 5,2011-08-31 23:06:40+00:00,Internet,2011-08-26 12:51:04.144000+00:00
case-8104,2011-06-15 14:26:53.432000+00:00,Resource35,2011-08-10 14:26:53.432000+00:00,General,Group 7,2011-08-10 14:26:53.432000+00:00,Desk,2011-07-14 07:04:09.877000+00:00
case-8105,2011-06-15 14:31:28.724000+00:00,Resource12,2011-08-10 14:27:56.852000+00:00,General,Group 5,2011-08-10 14:27:56.852000+00:00,Internet,2011-08-12 09:34:09.085000+00:00
case-8131,2011-06-16 23:06:40.020000+00:00,Resource11,2011-08-11 23:06:40.020000+00:00,General,Group 8,2011-08-11 23:06:40+00:00,Internet,2011-07-25 07:18:52.518000+00:00
case-8132,2011-06-16 23:06:40.020000+00:00,Resource11,2011-08-11 23:06:40.020000+00:00,General,Group 8,2011-08-11 23:06:40+00:00,Internet,2011-07-27 06:41:31.032000+00:00
case-8133,2011-06-16 23:06:40.020000+00:00,Resource11,2011-08-11 23:06:40.020000+00:00,General,Group 8,2011-08-11 23:06:40+00:00,Internet,2011-07-27 06:57:47.557000+00:00
case-8135,2011-06-16 23:06:40.020000+00:00,Resource11,2011-08-11 23:06:40.020000+00:00,General,Group 8,2011-08-11 23:06:40+00:00,Internet,2011-07-27 07:01:43.489000+00:00
case-8136,2011-06-16 23:06:40.020000+00:00,Resource09,2011-08-11 23:06:40.020000+00:00,General,Group 5,2011-08-11 23:06:40+00:00,Desk,2011-08-01 13:11:23.676000+00:00
case-8137,2011-06-14 23:06:40.020000+00:00,Resource13,2011-08-09 23:06:40.020000+00:00,General,Group 5,2011-08-09 23:06:40+00:00,Internet,2011-08-10 14:23:05.862000+00:00
case-8138,2011-06-16 23:06:40.020000+00:00,Resource11,2011-08-11 23:06:40.020000+00:00,General,Group 8,2011-08-11 23:06:40+00:00,Internet,2011-07-27 07:55:01.014000+00:00
case-8141,2011-06-16 23:06:40.020000+00:00,Resource06,2011-08-11 23:06:40.020000+00:00,General,Group 5,2011-08-11 23:06:40+00:00,Desk,2011-12-09 14:08:00.018000+00:00
case-8142,2011-06-17 13:53:34.450000+00:00,Resource09,2011-08-12 13:53:34.450000+00:00,General,Group 5,2011-08-12 13:53:34.450000+00:00,Desk,2011-07-29 13:08:16.210000+00:00
case-8179,2011-06-16 23:06:40.020000+00:00,Resource13,2011-08-11 23:06:40.020000+00:00,General,Group 5,2011-08-11 23:06:40+00:00,Internet,2011-08-12 12:08:34.496000+00:00
case-8180,2011-06-18 23:06:40.020000+00:00,Resource11,2011-08-13 23:06:40.020000+00:00,General,Group 8,2011-08-13 23:06:40+00:00,Internet,2011-07-27 07:16:35.299000+00:00
case-8183,2011-05-30 23:06:40.020000+00:00,Resource06,2011-09-05 23:06:40.020000+00:00,General,Group 5,2011-09-05 23:06:40+00:00,Desk,2011-08-30 07:42:28.600000+00:00
case-8184,2011-05-30 23:06:40.020000+00:00,Resource23,2011-09-26 23:06:40.020000+00:00,General,Group 5,2011-09-26 23:06:40+00:00,Desk,2011-09-20 14:08:58.791000+00:00
case-8186,2011-06-19 23:06:40.020000+00:00,Resource26,2011-08-14 23:06:40.020000+00:00,General,,2011-08-14 23:06:40+00:00,Internet,
case-8198,2011-06-20 23:06:40.020000+00:00,Resource11,2011-08-15 23:06:40.020000+00:00,General,Group 8,2011-08-15 23:06:40+00:00,Internet,2011-07-28 05:24:34.315000+00:00
case-8199,2011-06-20 23:06:40.020000+00:00,Resource04,2011-08-15 23:06:40.020000+00:00,General,Group 5,2011-08-15 23:06:40+00:00,Internet,2011-08-10 12:38:57.142000+00:00
case-8232,2011-06-24 08:33:04.860000+00:00,Resource05,2011-08-19 08:33:04.860000+00:00,General,Group 5,2011-08-19 08:33:04.860000+00:00,Internet,2011-08-17 08:06:11.016000+00:00
case-8234,2011-06-24 09:23:22.882000+00:00,Resource14,2011-08-19 09:23:22.882000+00:00,General,Group 5,2011-08-19 09:23:22.882000+00:00,Internet,2011-11-16 09:16:19.364000+00:00
case-8259,2011-06-21 23:06:40.020000+00:00,Resource12,2011-08-16 23:06:40.020000+00:00,General,Group 5,2011-08-16 23:06:40+00:00,Internet,2011-08-15 10:57:08.915000+00:00
case-8261,2011-06-21 23:06:40.020000+00:00,Resource11,2011-08-16 23:06:40.020000+00:00,General,Group 8,2011-08-16 23:06:40+00:00,Internet,2011-07-28 05:29:13.253000+00:00
case-8263,2011-06-21 23:06:40.020000+00:00,Resource11,2011-08-16 23:06:40.020000+00:00,General,Group 8,2011-08-16 23:06:40+00:00,Internet,2011-08-01 05:58:15.718000+00:00
case-8264,2011-06-21 23:06:40.020000+00:00,Resource11,2011-08-16 23:06:40.020000+00:00,General,Group 8,2011-08-16 23:06:40+00:00,Internet,2011-07-28 05:33:28.173000+00:00
case-8265,2011-06-22 23:06:40.020000+00:00,Resource11,2011-08-17 23:06:40.020000+00:00,General,Group 8,2011-08-17 23:06:40+00:00,Internet,2011-08-01 06:08:24.381000+00:00
case-8266,2011-06-22 23:06:40.020000+00:00,Resource11,2011-08-17 23:06:40.020000+00:00,General,Group 8,2011-08-17 23:06:40+00:00,Internet,2011-08-01 06:16:20.110000+00:00
case-8267,2011-06-23 23:06:40.020000+00:00,admin3,2011-08-17 23:06:40.020000+00:00,Customer contact,,2011-08-17 23:06:40+00:00,Internet,2011-06-23 22:00:00.020000+00:00
case-8269,2011-06-22 23:06:40.020000+00:00,Resource18,2011-08-17 23:06:40.020000+00:00,General,Group 5,2011-08-17 23:06:40+00:00,Internet,2011-07-14 07:01:39.196000+00:00
case-8295,2011-06-23 23:06:40.020000+00:00,Resource14,2011-08-18 23:06:40.020000+00:00,General,Group 5,2011-08-18 23:06:40+00:00,Internet,
case-8297,2011-06-27 23:06:40.020000+00:00,Resource04,2011-10-03 23:06:40.020000+00:00,General,Group 5,2011-10-03 23:06:40+00:00,Internet,2011-09-26 12:55:43.297000+00:00
case-8318,2011-06-08 23:06:40.020000+00:00,Resource05,2011-08-03 23:06:40.020000+00:00,General,Group 5,2011-08-03 23:06:40+00:00,Internet,2011-08-15 13:58:15.067000+00:00
case-8320,2011-06-09 23:06:40.020000+00:00,Resource09,2011-08-04 23:06:40.020000+00:00,General,Group 5,2011-08-04 23:06:40+00:00,Internet,2011-09-19 06:51:33.367000+00:00
case-8321,2011-06-20 23:06:40.020000+00:00,Resource11,2011-08-15 23:06:40.020000+00:00,General,Group 8,2011-08-15 23:06:40+00:00,Desk,2011-07-27 07:20:19.791000+00:00
case-8323,2011-06-13 23:06:40.020000+00:00,Resource05,2011-08-08 23:06:40.020000+00:00,General,Group 5,2011-08-08 23:06:40+00:00,Internet,2011-08-01 10:51:30.801000+00:00
case-8342,2011-06-28 23:06:40.020000+00:00,Resource14,2011-08-23 23:06:40.020000+00:00,General,Group 5,2011-08-23 23:06:40+00:00,Internet,2011-07-13 07:48:49.381000+00:00
case-8344,2011-06-26 23:06:40.020000+00:00,Resource05,2011-08-21 23:06:40.020000+00:00,General,Group 5,2011-08-21 23:06:40+00:00,Internet,2011-08-22 13:03:08.467000+00:00
case-8363,2011-06-26 23:06:40.020000+00:00,Resource05,2011-08-21 23:06:40.020000+00:00,General,Group 5,2011-08-21 23:06:40+00:00,Internet,2011-09-06 08:31:34.113000+00:00
case-8365,2011-06-27 23:06:40.020000+00:00,Resource05,2011-08-22 23:06:40.020000+00:00,General,Group 5,2011-08-22 23:06:40+00:00,Internet,2011-08-22 13:30:39.953000+00:00
case-8367,2011-06-26 23:06:40.020000+00:00,Resource29,2011-08-25 23:06:40.020000+00:00,General,Group 6,2011-08-25 23:06:40+00:00,Internet,2011-09-05 08:52:02.922000+00:00
case-8381,2011-06-20 23:06:40.020000+00:00,Resource04,2011-10-05 23:06:40.020000+00:00,General,Group 5,2011-10-05 23:06:40+00:00,Internet,2011-09-30 12:05:01.438000+00:00
case-8385,2011-06-20 23:06:40.020000+00:00,Resource04,2011-10-05 23:06:40.020000+00:00,General,Group 5,2011-10-05 23:06:40+00:00,Internet,2011-09-21 14:08:47.117000+00:00
case-8388,2011-06-20 23:06:40.020000+00:00,Resource04,2011-10-05 23:06:40.020000+00:00,General,Group 5,2011-10-05 23:06:40+00:00,Internet,2011-09-30 08:33:31.866000+00:00
case-8390,2011-05-17 23:06:40.020000+00:00,Resource02,2011-08-23 23:06:40.020000+00:00,General,Group 5,2011-08-23 23:06:40+00:00,Internet,2011-08-23 14:10:49.238000+00:00
case-8398,2011-06-28 23:06:40.020000+00:00,Resource11,2011-08-23 23:06:40.020000+00:00,General,Group 8,2011-08-23 23:06:40+00:00,Internet,2011-08-01 06:22:05.095000+00:00
case-8399,2011-06-29 23:06:40.020000+00:00,Resource11,2011-08-24 23:06:40.020000+00:00,General,Group 8,2011-08-24 23:06:40+00:00,Internet,2011-08-02 05:44:03.231000+00:00
case-8401,2011-06-29 23:06:40.020000+00:00,Resource11,2011-08-24 23:06:40.020000+00:00,General,Group 8,2011-08-24 23:06:40+00:00,Internet,2011-08-02 05:38:55.391000+00:00
case-8403,2011-06-30 23:06:40.020000+00:00,Resource11,2011-08-25 23:06:40.020000+00:00,General,Group 8,2011-08-25 23:06:40+00:00,Internet,2011-08-02 05:33:56.390000+00:00
case-8406,2011-06-30 23:06:40.020000+00:00,Resource11,2011-08-25 23:06:40.020000+00:00,General,Group 8,2011-08-25 23:06:40+00:00,Internet,2011-08-03 05:23:49.587000+00:00
case-8408,2011-07-05 09:08:46.379000+00:00,Resource06,2011-08-30 09:08:46.379000+00:00,General,Group 5,2011-08-30 09:08:46.379000+00:00,Internet,2011-08-26 13:40:55.950000+00:00
case-8409,2011-06-28 23:06:40.020000+00:00,Resource13,2011-08-23 23:06:40.020000+00:00,General,Group 5,2011-08-23 23:06:40+00:00,Internet,2011-08-24 13:51:35.662000+00:00
case-8410,2011-06-29 23:06:40.020000+00:00,Resource05,2011-10-05 23:06:40.020000+00:00,General,Group 5,2011-10-05 23:06:40+00:00,Internet,2011-09-30 09:21:21.336000+00:00
case-8411,2011-06-29 23:06:40.020000+00:00,admin1,2011-08-24 23:06:40.020000+00:00,General,,2011-10-19 23:06:40+00:00,Internet,2011-11-16 09:25:18.295000+00:00
case-8419,2011-06-29 23:06:40.020000+00:00,Resource06,2011-11-22 00:06:40.010000+00:00,General,Group 5,2011-11-22 00:06:40+00:00,Internet,2011-10-31 14:25:21.985000+00:00
case-8420,2011-06-27 23:06:40.020000+00:00,Resource02,2011-10-13 23:06:40.020000+00:00,General,Group 5,2011-10-13 23:06:40+00:00,Internet,2011-10-12 07:57:54.797000+00:00
case-8421,2011-06-30 23:06:40.020000+00:00,Resource11,2011-08-25 23:06:40.020000+00:00,General,Group 8,2011-08-25 23:06:40+00:00,Internet,2011-08-03 05:28:53.760000+00:00
case-8423,2011-06-29 23:06:40.020000+00:00,Resource23,2011-10-20 23:06:40.020000+00:00,General,Group 5,2011-10-21 23:06:40+00:00,Internet,2011-09-21 08:39:04.742000+00:00
case-8424,2011-07-01 23:06:40.020000+00:00,Resource12,2011-08-26 23:06:40.020000+00:00,General,Group 5,2011-08-26 23:06:40+00:00,Internet,2011-09-26 14:47:18.815000+00:00
case-8425,2011-06-29 23:06:40.020000+00:00,Resource12,2011-08-24 23:06:40.020000+00:00,General,Group 5,2011-08-24 23:06:40+00:00,Internet,2011-09-05 08:03:36.724000+00:00
case-8427,2011-06-16 23:06:40.020000+00:00,Resource06,2011-08-11 23:06:40.020000+00:00,General,Group 5,2011-08-11 23:06:40+00:00,Desk,2011-07-19 12:05:33.768000+00:00
case-8441,2011-07-04 23:06:40.020000+00:00,Resource01,2011-08-29 23:06:40.020000+00:00,General,Group 8,2011-08-29 23:06:40+00:00,Internet,2011-07-12 22:00:00.020000+00:00
case-8442,2011-07-04 23:06:40.020000+00:00,Resource11,2011-08-29 23:06:40.020000+00:00,General,Group 8,2011-08-29 23:06:40+00:00,Internet,2011-08-03 05:35:35.509000+00:00
case-8444,2011-07-07 11:59:04.071000+00:00,Resource11,2011-09-01 11:59:04.071000+00:00,General,Group 8,2011-09-01 11:59:04.071000+00:00,Internet,2011-08-04 05:54:02.568000+00:00
case-8445,2011-07-07 12:19:53.925000+00:00,Resource11,2011-09-01 12:19:53.925000+00:00,General,Group 8,2011-09-01 12:19:53.925000+00:00,Internet,2011-08-04 06:00:49.806000+00:00
case-8446,2011-07-07 12:45:13.369000+00:00,Resource12,2011-09-01 12:45:13.369000+00:00,General,Group 5,2011-09-01 12:45:13.369000+00:00,Internet,2011-09-02 13:09:31.995000+00:00
case-8448,2011-07-04 23:06:40.020000+00:00,Resource13,2011-08-29 23:06:40.020000+00:00,General,Group 5,2011-08-29 23:06:40+00:00,Internet,2011-08-29 10:32:13.621000+00:00
case-8449,2011-07-07 13:05:36.177000+00:00,Resource11,2011-09-01 13:05:36.177000+00:00,General,Group 8,2011-09-01 13:05:36.177000+00:00,Internet,2011-08-04 06:06:12.876000+00:00
case-8456,2011-06-20 23:06:40.020000+00:00,Resource04,2011-10-05 23:06:40.020000+00:00,General,Group 5,2011-10-05 23:06:40+00:00,Internet,2011-09-30 07:29:26.396000+00:00
case-8457,2011-06-20 23:06:40.020000+00:00,Resource04,2011-10-05 23:06:40.020000+00:00,General,Group 5,2011-10-05 23:06:40+00:00,Internet,2011-09-21 07:32:53.661000+00:00
case-8458,2011-06-20 23:06:40.020000+00:00,Resource04,2011-10-05 23:06:40.020000+00:00,General,Group 5,2011-10-05 23:06:40+00:00,Internet,2011-09-20 09:36:08.106000+00:00
case-8459,2011-06-20 23:06:40.020000+00:00,Resource04,2011-10-05 23:06:40.020000+00:00,General,Group 5,2011-10-05 23:06:40+00:00,Internet,2011-09-30 14:45:08.267000+00:00
case-8460,2011-06-20 23:06:40.020000+00:00,Resource04,2011-10-05 23:06:40.020000+00:00,General,Group 5,2011-10-05 23:06:40+00:00,Internet,2011-09-30 14:25:55.393000+00:00
case-8461,2011-07-04 23:06:40.020000+00:00,Resource06,2011-08-23 23:06:40.020000+00:00,General,Group 5,2011-09-26 23:06:40+00:00,Internet,2011-09-05 10:50:10.453000+00:00
case-8462,2011-06-20 23:06:40.020000+00:00,Resource04,2011-10-05 23:06:40.020000+00:00,General,Group 5,2011-10-05 23:06:40+00:00,Internet,2011-09-30 14:41:10.569000+00:00
case-8465,2011-07-06 23:06:40.020000+00:00,Resource11,2011-08-31 23:06:40.020000+00:00,General,Group 8,2011-08-31 23:06:40+00:00,Internet,2011-08-03 05:44:33.808000+00:00
case-8467,2011-07-06 23:06:40.020000+00:00,Resource13,2011-08-31 23:06:40.020000+00:00,General,Group 5,2011-08-31 23:06:40+00:00,Internet,2011-09-26 14:08:33.468000+00:00
case-8469,2011-07-07 23:06:40.020000+00:00,Resource11,2011-09-01 23:06:40.020000+00:00,General,Group 8,2011-09-01 23:06:40+00:00,Internet,2011-08-04 06:13:39.644000+00:00
case-8495,2011-07-08 23:06:40.020000+00:00,Resource14,2011-09-02 23:06:40.020000+00:00,General,Group 5,2011-09-02 23:06:40+00:00,Internet,2011-08-11 22:00:00.020000+00:00
case-8500,2011-07-07 23:06:40.020000+00:00,Resource11,2011-09-01 23:06:40.020000+00:00,General,Group 8,2011-09-01 23:06:40+00:00,Internet,2011-08-04 06:42:11.097000+00:00
case-8501,2011-07-07 23:06:40.020000+00:00,Resource11,2011-09-01 23:06:40.020000+00:00,General,Group 8,2011-09-01 23:06:40+00:00,Internet,2011-08-04 06:49:44.997000+00:00
case-8502,2011-07-07 23:06:40.020000+00:00,Resource11,2011-09-01 23:06:40.020000+00:00,General,Group 8,2011-09-01 23:06:40+00:00,Internet,2011-08-04 06:54:16.463000+00:00
case-8503,2011-07-06 23:06:40.020000+00:00,Resource02,2011-08-31 23:06:40.020000+00:00,General,Group 5,2011-08-31 23:06:40+00:00,Internet,2011-08-10 14:05:07.760000+00:00
case-8504,2011-07-06 23:06:40.020000+00:00,Resource12,2011-08-31 23:06:40.020000+00:00,General,Group 5,2011-08-31 23:06:40+00:00,Internet,2011-10-04 08:35:33.466000+00:00
case-8505,2011-07-06 23:06:40.020000+00:00,Resource12,2011-08-31 23:06:40.020000+00:00,General,Group 5,2011-08-31 23:06:40+00:00,Internet,2011-10-04 08:54:58.673000+00:00
case-8507,2011-07-11 11:53:24.202000+00:00,Resource12,2011-09-05 11:50:18.729000+00:00,General,Group 5,2011-09-05 11:50:18.729000+00:00,Internet,2011-08-29 11:41:34.539000+00:00
case-8511,2011-07-07 23:06:40.020000+00:00,Resource22,2011-10-13 23:06:40.020000+00:00,General,Group 5,2011-10-13 23:06:40+00:00,Internet,2011-10-11 11:55:52.280000+00:00
case-8522,2011-07-07 23:06:40.020000+00:00,Resource09,2011-09-01 23:06:40.020000+00:00,General,Group 5,2011-09-01 23:06:40+00:00,Internet,2011-10-14 09:57:22.270000+00:00
case-8550,2011-07-11 23:06:40.020000+00:00,Resource22,2011-09-05 23:06:40.020000+00:00,General,Group 5,2011-09-05 23:06:40+00:00,Internet,2011-09-30 07:05:15.234000+00:00
case-8551,2011-07-11 23:06:40.020000+00:00,Resource02,2011-09-05 23:06:40.020000+00:00,General,Group 5,2011-09-05 23:06:40+00:00,Internet,2011-08-30 09:57:35.095000+00:00
case-8560,2011-07-05 23:06:40.020000+00:00,Resource25,2011-08-30 23:06:40.020000+00:00,General,Group 11,2011-08-30 23:06:40+00:00,e-mail,2011-10-12 14:40:30.274000+00:00
case-8639,2011-07-12 23:06:40.020000+00:00,Resource11,2011-09-06 23:06:40.020000+00:00,General,Group 8,2011-09-06 23:06:40+00:00,Internet,2011-08-04 06:59:29.552000+00:00
case-8642,2011-07-12 23:06:40.020000+00:00,Resource01,2011-09-06 23:06:40.020000+00:00,General,Group 8,2011-09-06 23:06:40+00:00,Internet,2011-09-30 12:31:28.812000+00:00
case-8645,2011-07-12 23:06:40.020000+00:00,Resource11,2011-09-06 23:06:40.020000+00:00,General,Group 8,2011-09-06 23:06:40+00:00,Internet,2011-08-09 06:29:57.963000+00:00
case-8646,2011-07-12 23:06:40.020000+00:00,Resource06,2011-10-18 23:06:40.020000+00:00,General,Group 5,2011-10-18 23:06:40+00:00,Internet,2011-10-04 13:20:59.123000+00:00
case-8650,2011-07-13 23:06:40.020000+00:00,Resource01,2011-09-07 23:06:40.020000+00:00,General,Group 8,2011-09-07 23:06:40+00:00,Internet,2011-07-21 11:58:54.784000+00:00
case-8652,2011-07-14 23:06:40.020000+00:00,Resource11,2011-09-08 23:06:40.020000+00:00,General,Group 8,2011-09-08 23:06:40+00:00,Internet,2011-08-09 06:39:45.323000+00:00
case-8653,2011-07-14 23:06:40.020000+00:00,Resource06,2011-10-20 23:06:40.020000+00:00,General,Group 5,2011-10-20 23:06:40+00:00,Internet,2011-10-24 12:09:10.905000+00:00
case-8654,2011-07-14 23:06:40.020000+00:00,Resource11,2011-09-08 23:06:40.020000+00:00,General,Group 8,2011-09-08 23:06:40+00:00,Internet,2011-08-09 06:53:03.538000+00:00
case-8656,2011-07-16 23:06:40.020000+00:00,Resource12,2011-09-10 23:06:40.020000+00:00,General,Group 5,2011-09-10 23:06:40+00:00,Internet,2011-09-08 22:00:00.020000+00:00
case-8663,2011-07-14 23:06:40.020000+00:00,Resource13,2011-10-20 23:06:40.020000+00:00,General,Group 5,2011-10-20 23:06:40+00:00,Internet,2011-10-04 13:53:09.142000+00:00
case-8704,2011-06-13 23:06:40.020000+00:00,Resource35,2011-08-08 23:06:40.020000+00:00,General,Group 7,2011-08-08 23:06:40+00:00,Internet,2011-08-24 10:04:43.618000+00:00
case-8708,2011-07-20 14:14:11.461000+00:00,Resource09,2011-09-14 14:14:11.461000+00:00,General,Group 5,2011-09-14 14:14:11.461000+00:00,Internet,2011-07-28 10:20:49.887000+00:00
case-8709,2011-07-19 23:06:40.020000+00:00,Resource09,2011-09-13 23:06:40.020000+00:00,General,Group 5,2011-09-13 23:06:40+00:00,Internet,2011-07-28 10:22:12.460000+00:00
case-8710,2011-06-13 23:06:40.020000+00:00,Resource14,2011-08-08 23:06:40.020000+00:00,General,Group 5,2011-08-08 23:06:40+00:00,Internet,2011-09-13 10:17:12.615000+00:00
case-8728,2011-05-10 23:06:40.020000+00:00,Resource06,2011-07-27 23:06:40.020000+00:00,General,Group 5,2011-07-27 23:06:40+00:00,Internet,2011-07-29 08:25:34.265000+00:00
case-8733,2011-06-14 23:06:40.020000+00:00,Resource06,2011-08-09 23:06:40.020000+00:00,General,Group 5,2011-08-09 23:06:40+00:00,Internet,2011-09-02 09:43:53.132000+00:00
case-8734,2011-06-14 23:06:40.020000+00:00,Resource04,2011-10-04 23:06:40.020000+00:00,General,Group 5,2011-10-04 23:06:40+00:00,Internet,2011-09-08 08:31:27.899000+00:00
case-8742,2011-07-17 23:06:40.020000+00:00,Resource02,2011-10-23 23:06:40.020000+00:00,General,Group 5,2011-10-23 23:06:40+00:00,Internet,2011-10-03 13:53:03.902000+00:00
case-8743,2011-07-17 23:06:40.020000+00:00,Resource14,2011-09-11 22:00:00.020000+00:00,General,Group 5,2011-09-11 22:00:00+00:00,Internet,
case-8744,2011-07-17 23:06:40.020000+00:00,Resource13,2011-09-11 23:06:40.020000+00:00,General,Group 5,2011-09-11 23:06:40+00:00,Internet,2011-08-17 11:39:47.957000+00:00
case-8745,2011-06-20 23:06:40.020000+00:00,Resource06,2011-08-15 23:06:40.020000+00:00,General,Group 5,2011-08-15 23:06:40+00:00,Internet,2011-08-25 10:17:08.219000+00:00
case-8746,2011-07-18 23:06:40.020000+00:00,Resource06,2011-09-12 23:06:40.020000+00:00,General,Group 5,2011-09-12 23:06:40+00:00,Internet,2011-08-23 10:25:02.669000+00:00
case-8749,2011-06-21 23:06:40.020000+00:00,Resource01,2011-10-09 23:06:40.020000+00:00,General,Group 8,2011-10-09 23:06:40+00:00,Internet,2011-08-31 12:45:05.672000+00:00
case-8750,2011-06-21 23:06:40.020000+00:00,Resource01,2011-08-17 23:06:40.020000+00:00,General,Group 8,2011-08-17 23:06:40+00:00,Internet,2011-09-29 07:43:32.752000+00:00
case-8754,2011-07-22 12:46:57.572000+00:00,Resource22,2011-09-16 12:46:57.572000+00:00,General,Group 5,2011-09-16 12:46:57.572000+00:00,Internet,2011-10-13 12:29:53.414000+00:00
case-8755,2011-06-28 23:06:40.020000+00:00,Resource06,2011-08-23 23:06:40.020000+00:00,General,Group 5,2011-08-23 23:06:40+00:00,Internet,2011-09-14 07:58:37.835000+00:00
case-8770,2011-07-19 23:06:40.020000+00:00,Resource04,2012-02-27 23:00:00.010000+00:00,General,Group 5,2012-02-27 23:00:00+00:00,Internet,
case-8771,2011-07-20 23:06:40.020000+00:00,Resource04,2011-10-25 23:06:40.020000+00:00,General,Group 5,2011-10-25 23:06:40+00:00,Internet,2011-10-05 08:31:29.082000+00:00
case-8774,2011-07-21 23:06:40.020000+00:00,Resource06,2011-09-15 23:06:40.020000+00:00,General,Group 5,2011-09-15 23:06:40+00:00,Internet,2011-07-26 12:53:09.051000+00:00
case-8775,2011-07-21 23:06:40.020000+00:00,Resource11,2011-09-15 23:06:40.020000+00:00,General,Group 8,2011-09-15 23:06:40+00:00,Internet,2011-08-09 07:26:18.340000+00:00
case-8776,2011-07-21 23:06:40.020000+00:00,Resource04,2011-10-25 23:06:40.020000+00:00,General,Group 5,2011-10-25 23:06:40+00:00,Internet,2011-10-05 08:27:54.449000+00:00
case-8777,2011-07-21 23:06:40.020000+00:00,Resource11,2011-09-15 23:06:40.020000+00:00,General,Group 8,2011-09-15 23:06:40+00:00,Internet,2011-08-09 09:34:14.669000+00:00
case-8778,2011-07-21 23:06:40.020000+00:00,Resource04,2011-10-25 23:06:40.020000+00:00,General,Group 5,2011-10-25 23:06:40+00:00,Internet,2011-10-05 10:40:23.654000+00:00
case-8779,2011-07-21 23:06:40.020000+00:00,Resource11,2011-09-15 23:06:40.020000+00:00,General,Group 8,2011-09-15 23:06:40+00:00,Internet,2011-08-09 07:05:57.247000+00:00
case-8780,2011-07-21 23:06:40.020000+00:00,Resource12,2011-09-15 23:06:40.020000+00:00,General,Group 5,2011-09-15 23:06:40+00:00,Internet,2011-11-14 15:02:47.247000+00:00
case-8782,2011-07-21 23:06:40.020000+00:00,Resource05,2011-09-15 23:06:40.020000+00:00,General,Group 5,2011-09-15 23:06:40+00:00,Internet,2011-09-26 10:37:11.822000+00:00
case-8783,2011-07-17 23:06:40.020000+00:00,admin3,2011-09-11 23:06:40.020000+00:00,Customer contact,,2011-09-11 23:06:40+00:00,Internet,2011-07-25 12:19:14.858000+00:00
case-8784,2011-07-20 23:06:40.020000+00:00,Resource11,2011-09-14 23:06:40.020000+00:00,General,Group 8,2011-09-14 23:06:40+00:00,Internet,2011-08-30 09:49:28.929000+00:00
case-8785,2011-07-20 23:06:40.020000+00:00,Resource11,2011-09-14 23:06:40.020000+00:00,General,Group 8,2011-09-14 23:06:40+00:00,Internet,2011-08-09 08:29:59.542000+00:00
case-8786,2011-07-20 23:06:40.020000+00:00,Resource11,2011-09-14 23:06:40.020000+00:00,General,Group 8,2011-09-14 23:06:40+00:00,Internet,2011-08-09 09:58:54.199000+00:00
case-8796,2011-07-24 23:06:40.020000+00:00,Resource06,2011-10-31 00:06:40.010000+00:00,General,Group 5,2011-10-31 00:06:40+00:00,Internet,2011-10-27 09:41:12.036000+00:00
case-8798,2011-07-24 23:06:40.020000+00:00,Resource01,2011-09-18 23:06:40.020000+00:00,General,Group 8,2011-09-18 23:06:40+00:00,Internet,2011-08-19 12:11:48.617000+00:00
case-8802,2011-07-03 23:06:40.020000+00:00,Resource11,2011-08-29 23:06:40.020000+00:00,General,Group 8,2011-08-29 23:06:40+00:00,Internet,2011-08-08 06:47:37.770000+00:00
case-8812,2011-07-25 23:06:40.020000+00:00,Resource11,2011-09-19 23:06:40.020000+00:00,General,Group 8,2011-09-19 23:06:40+00:00,Internet,2011-08-02 05:51:55.717000+00:00
case-8815,2011-06-22 23:06:40.020000+00:00,Resource05,2011-08-17 23:06:40.020000+00:00,General,Group 5,2011-08-17 23:06:40+00:00,Internet,2011-08-15 12:46:00.636000+00:00
case-8822,2011-06-30 23:06:40.020000+00:00,Resource06,2011-08-25 23:06:40.020000+00:00,General,Group 5,2011-08-25 23:06:40+00:00,Internet,2011-08-26 09:42:50.171000+00:00
case-8823,2011-06-22 23:06:40.020000+00:00,Resource02,2011-11-22 00:06:40.010000+00:00,General,Group 5,2011-11-22 00:06:40+00:00,Internet,2011-10-10 07:55:02.628000+00:00
case-8833,2011-07-24 23:06:40.020000+00:00,Resource12,2011-09-18 23:06:40.020000+00:00,General,Group 5,2011-09-18 23:06:40+00:00,Internet,2011-08-30 13:15:19.487000+00:00
case-8837,2011-07-03 23:06:40.020000+00:00,Resource11,2011-08-29 23:06:40.020000+00:00,General,Group 8,2011-08-29 23:06:40+00:00,Internet,2011-08-08 07:03:47.077000+00:00
case-8839,2011-07-03 23:06:40.020000+00:00,Resource14,2011-08-29 22:00:00.020000+00:00,General,Group 5,2011-08-29 22:00:00+00:00,Internet,2012-01-18 08:56:50.954000+00:00
case-8840,2011-07-25 23:06:40.020000+00:00,Resource06,2011-09-19 23:06:40.020000+00:00,General,Group 5,2011-09-19 23:06:40+00:00,Internet,2011-08-30 10:28:15.307000+00:00
case-8841,2011-07-26 23:06:40.020000+00:00,Resource11,2011-09-20 23:06:40.020000+00:00,General,Group 8,2011-09-20 23:06:40+00:00,Internet,2011-08-18 06:10:00.879000+00:00
case-8842,2011-07-04 23:06:40.020000+00:00,Resource11,2011-08-29 23:06:40.020000+00:00,General,Group 8,2011-08-29 23:06:40+00:00,Internet,2011-08-08 06:41:27.017000+00:00
case-8844,2011-07-26 23:06:40.020000+00:00,Resource02,2011-09-20 23:06:40.020000+00:00,General,Group 5,2011-09-20 23:06:40+00:00,Internet,2011-11-22 08:38:17.689000+00:00
case-8847,2011-07-26 23:06:40.020000+00:00,Resource05,2011-09-20 23:06:40.020000+00:00,General,Group 5,2011-09-20 23:06:40+00:00,Internet,2011-08-30 12:37:31.919000+00:00
case-8848,2011-07-28 09:42:57.229000+00:00,Resource11,2011-09-22 09:42:57.229000+00:00,General,Group 8,2011-09-22 09:42:57.229000+00:00,Internet,2011-08-09 07:33:16.510000+00:00
case-8849,2011-07-04 23:06:40.020000+00:00,Resource04,2011-08-30 23:06:40.020000+00:00,General,Group 5,2011-08-30 23:06:40+00:00,Internet,2011-08-04 09:29:19.019000+00:00
case-8851,2011-07-06 23:06:40.020000+00:00,Resource14,2011-08-31 23:06:40.020000+00:00,General,Group 5,2011-08-31 23:06:40+00:00,Internet,
case-8852,2011-07-06 23:06:40.020000+00:00,Resource13,2011-08-31 23:06:40.020000+00:00,General,Group 5,2011-08-31 23:06:40+00:00,Internet,2011-08-29 10:24:36.662000+00:00
case-8853,2011-07-05 23:06:40.020000+00:00,Resource13,2011-08-30 23:06:40.020000+00:00,General,Group 5,2011-08-30 23:06:40+00:00,Internet,2011-08-29 10:52:51.806000+00:00
case-8854,2011-06-08 23:06:40.020000+00:00,Resource24,2011-08-03 23:06:40.020000+00:00,General,Group 11,2011-08-03 23:06:40+00:00,Internet,2011-10-05 07:14:52.564000+00:00
case-8855,2011-07-06 23:06:40.020000+00:00,Resource11,2011-08-31 23:06:40.020000+00:00,General,Group 8,2011-08-31 23:06:40+00:00,Internet,2011-08-18 05:55:06.759000+00:00
case-8856,2011-07-07 23:06:40.020000+00:00,Resource01,2011-09-01 23:06:40.020000+00:00,General,Group 8,2011-09-01 23:06:40+00:00,Internet,2011-10-04 06:42:50.217000+00:00
case-8858,2011-07-06 23:06:40.020000+00:00,Resource14,2011-08-31 23:06:40.020000+00:00,General,Group 5,2011-08-31 23:06:40+00:00,Internet,2011-11-09 15:11:48.715000+00:00
case-8863,2011-07-10 23:06:40.020000+00:00,Resource02,2011-10-18 23:06:40.020000+00:00,General,Group 5,2011-10-18 23:06:40+00:00,Internet,2011-10-04 13:36:34.804000+00:00
case-8864,2011-07-11 23:06:40.020000+00:00,Resource11,2011-09-05 23:06:40.020000+00:00,General,Group 8,2011-09-05 23:06:40+00:00,Internet,2011-08-18 06:01:10.666000+00:00
case-8905,2011-07-31 23:06:40.020000+00:00,Resource02,2011-09-25 23:06:40.020000+00:00,General,Group 5,2011-09-25 23:06:40+00:00,Internet,2011-08-02 08:41:40.140000+00:00
case-891,2010-09-30 22:00:00.020000+00:00,Resource26,2010-11-25 23:00:00.010000+00:00,General,,2010-11-25 23:00:00+00:00,Internet,2010-11-12 12:40:44.661000+00:00
case-8919,2011-07-11 23:06:40.020000+00:00,Resource11,2011-09-28 23:06:40.020000+00:00,General,Group 8,2011-09-28 23:06:40+00:00,Internet,2011-09-12 08:44:33.854000+00:00
case-8921,2011-06-21 23:06:40.020000+00:00,Resource04,2011-08-17 23:06:40.020000+00:00,General,Group 5,2011-08-17 23:06:40+00:00,Internet,2011-08-09 12:32:23.632000+00:00
case-8922,2011-07-13 23:06:40.020000+00:00,Resource04,2011-09-19 23:06:40.020000+00:00,General,Group 5,2011-09-19 23:06:40+00:00,Internet,2011-09-14 09:50:53.694000+00:00
case-8923,2011-07-24 23:06:40.020000+00:00,Resource13,2011-11-08 00:06:40.010000+00:00,General,Group 5,2011-11-08 00:06:40+00:00,Internet,2011-10-04 09:51:03.131000+00:00
case-8932,2011-07-14 23:06:40.020000+00:00,Resource09,2011-09-08 23:06:40.020000+00:00,General,Group 5,2011-09-08 23:06:40+00:00,Internet,2011-08-15 07:04:11.312000+00:00
case-8934,2011-07-24 23:06:40.020000+00:00,Resource05,2011-09-18 23:06:40.020000+00:00,General,Group 5,2011-09-18 23:06:40+00:00,Internet,2011-09-12 12:12:18.624000+00:00
case-8936,2011-07-25 23:06:40.020000+00:00,Resource02,2011-11-01 00:06:40.010000+00:00,General,Group 5,2011-11-01 00:06:40+00:00,Internet,2011-11-07 14:47:19.133000+00:00
case-8954,2011-07-21 23:06:40.020000+00:00,Resource23,2011-11-18 00:06:40.010000+00:00,General,Group 5,2011-11-18 00:06:40+00:00,Internet,2011-11-16 09:10:47.056000+00:00
case-8958,2011-07-21 23:06:40.020000+00:00,Resource14,2011-09-15 23:06:40.020000+00:00,General,Group 5,2011-09-15 23:06:40+00:00,Internet,2011-10-31 15:46:01.941000+00:00
case-8959,2011-07-28 23:06:40.020000+00:00,Resource11,2011-09-22 23:06:40.020000+00:00,General,Group 8,2011-09-22 23:06:40+00:00,Internet,2011-09-12 11:55:36.171000+00:00
case-8962,2011-07-28 23:06:40.020000+00:00,Resource11,2011-09-22 23:06:40.020000+00:00,General,Group 8,2011-09-22 23:06:40+00:00,Internet,2011-08-18 06:15:43.236000+00:00
case-8964,2011-07-28 23:06:40.020000+00:00,Resource11,2011-09-22 23:06:40.020000+00:00,General,Group 8,2011-09-22 23:06:40+00:00,Internet,2011-08-18 06:30:02.345000+00:00
case-8967,2011-07-28 23:06:40.020000+00:00,Resource04,2011-10-31 00:06:40.010000+00:00,General,Group 5,2011-10-31 00:06:40+00:00,Internet,2011-10-28 13:56:53.545000+00:00
case-8969,2011-07-31 23:06:40.020000+00:00,Resource01,2011-09-25 23:06:40.020000+00:00,General,Group 8,2011-09-25 23:06:40+00:00,Internet,2011-09-07 22:00:00.020000+00:00
case-8977,2011-07-28 23:06:40.020000+00:00,Resource09,2011-09-22 23:06:40.020000+00:00,General,Group 5,2011-09-22 23:06:40+00:00,Internet,
case-8982,2011-07-29 23:06:40.020000+00:00,Resource13,2011-09-23 23:06:40.020000+00:00,General,Group 5,2011-09-23 23:06:40+00:00,Internet,2011-08-30 08:01:11.614000+00:00
case-8983,2011-07-29 23:06:40.020000+00:00,Resource02,2011-11-05 00:06:40.010000+00:00,General,Group 5,2011-11-05 00:06:40+00:00,Internet,2011-10-31 10:27:42.585000+00:00
case-8986,2011-07-31 23:06:40.020000+00:00,Resource14,2011-09-25 23:06:40.020000+00:00,General,Group 5,2011-09-25 23:06:40+00:00,Internet,2011-11-18 08:55:27.554000+00:00
case-8989,2011-08-01 23:06:40.020000+00:00,Resource12,2011-09-26 23:06:40.020000+00:00,General,Group 5,2011-09-26 23:06:40+00:00,Internet,2011-09-19 14:54:45.917000+00:00
case-8992,2011-08-01 23:06:40.020000+00:00,Resource12,2011-09-26 23:06:40.020000+00:00,General,Group 5,2011-09-26 23:06:40+00:00,Internet,2011-08-31 22:00:00.020000+00:00
case-8993,2011-08-02 23:06:40.020000+00:00,Resource06,2011-11-05 00:06:40.010000+00:00,General,Group 5,2011-11-05 00:06:40+00:00,Internet,2011-10-31 10:31:25.901000+00:00
case-8998,2011-07-24 23:06:40.020000+00:00,Resource14,2011-09-18 23:06:40.020000+00:00,General,Group 5,2011-09-18 23:06:40+00:00,Internet,2011-11-25 09:13:25.412000+00:00
case-9004,2011-07-26 23:06:40.020000+00:00,Resource14,2011-09-20 23:06:40.020000+00:00,General,Group 5,2011-09-20 23:06:40+00:00,Internet,2011-10-17 14:51:57.398000+00:00
case-9011,2011-07-25 23:06:40.020000+00:00,Resource02,2011-09-19 23:06:40.020000+00:00,General,Group 5,2011-09-19 23:06:40+00:00,Internet,2011-08-29 09:39:41.422000+00:00
case-9012,2011-08-03 23:06:40.020000+00:00,Resource12,2011-09-28 23:06:40.020000+00:00,General,Group 5,2011-09-28 23:06:40+00:00,Internet,2011-10-18 06:40:01.225000+00:00
case-9013,2011-08-04 23:06:40.020000+00:00,admin1,2011-09-29 23:06:40.020000+00:00,General,,2011-09-29 23:06:40+00:00,Internet,2011-09-29 13:21:29.582000+00:00
case-9014,2011-08-04 23:06:40.020000+00:00,Resource04,2011-09-29 23:06:40.020000+00:00,General,Group 5,2011-09-29 23:06:40+00:00,Internet,2011-08-26 11:49:10.193000+00:00
case-9016,2011-08-07 23:06:40.020000+00:00,Resource06,2011-11-14 00:06:40.010000+00:00,General,Group 5,2011-11-14 00:06:40+00:00,Internet,2011-09-22 12:17:37.035000+00:00
case-9026,2011-08-04 23:06:40.020000+00:00,Resource04,2011-11-25 00:06:40.010000+00:00,General,Group 5,2011-11-25 00:06:40+00:00,Internet,2011-11-07 10:21:25.159000+00:00
case-9032,2011-08-07 23:06:40.020000+00:00,Resource14,2011-10-02 22:00:00.020000+00:00,General,Group 5,2011-10-02 22:00:00+00:00,Internet,2012-01-17 12:52:44.800000+00:00
case-9033,2011-08-09 23:06:40.020000+00:00,Resource02,2011-11-24 00:06:40.010000+00:00,General,Group 5,2011-11-24 00:06:40+00:00,Internet,2011-11-18 09:34:52.323000+00:00
case-9040,2011-08-10 23:06:40.020000+00:00,Resource11,2011-10-05 23:06:40.020000+00:00,General,Group 8,2011-10-05 23:06:40+00:00,Internet,2011-09-12 12:11:45.124000+00:00
case-9067,2011-08-02 23:06:40.020000+00:00,Resource02,2011-11-09 00:06:40.010000+00:00,General,Group 5,2011-11-09 00:06:40+00:00,Internet,2011-11-09 13:40:07.417000+00:00
case-9072,2011-08-09 23:06:40.020000+00:00,Resource04,2012-02-09 23:00:00.010000+00:00,General,Group 5,2012-02-09 23:00:00+00:00,Internet,
case-9075,2011-08-13 23:06:40.020000+00:00,Resource06,2011-10-20 23:06:40.020000+00:00,General,Group 5,2011-10-20 23:06:40+00:00,Internet,2011-10-28 22:00:00.020000+00:00
case-9076,2011-07-27 23:06:40.020000+00:00,Resource25,2011-09-21 23:06:40.020000+00:00,General,Group 11,2011-09-21 23:06:40+00:00,Internet,2011-10-05 09:01:50.118000+00:00
case-9078,2011-08-08 23:06:40.020000+00:00,Resource12,2011-10-03 23:06:40.020000+00:00,General,Group 5,2011-10-03 23:06:40+00:00,Internet,2011-09-22 08:06:40.242000+00:00
case-9088,2011-08-14 23:06:40.020000+00:00,Resource35,2011-10-09 23:06:40.020000+00:00,General,Group 7,2011-10-09 23:06:40+00:00,Internet,2011-09-05 08:52:52.445000+00:00
case-9089,2011-05-25 23:06:40.020000+00:00,Resource21,2011-11-24 00:06:40.010000+00:00,General,Group 2,2011-11-24 00:06:40+00:00,Internet,2011-08-17 10:27:43.697000+00:00
case-9133,2011-07-18 23:06:40.020000+00:00,Resource09,2011-09-12 23:06:40.020000+00:00,General,Group 5,2011-09-12 23:06:40+00:00,Internet,2011-11-18 08:31:40.645000+00:00
case-9143,2011-07-17 23:06:40.020000+00:00,Resource05,2011-09-11 23:06:40.020000+00:00,General,Group 5,2011-09-11 23:06:40+00:00,Internet,2011-09-20 10:16:27.702000+00:00
case-9163,2011-08-17 23:06:40.020000+00:00,Resource05,2011-10-12 23:06:40.020000+00:00,General,Group 5,2011-10-12 23:06:40+00:00,Internet,2011-10-04 11:14:49.460000+00:00
case-9165,2011-08-18 23:06:40.020000+00:00,Resource06,2011-10-13 23:06:40.020000+00:00,General,Group 5,2011-10-13 23:06:40+00:00,Internet,2011-10-05 06:55:57.593000+00:00
case-9172,2011-08-21 23:06:40.020000+00:00,Resource23,2011-10-16 23:06:40.020000+00:00,General,Group 5,2011-10-16 23:06:40+00:00,Internet,2011-09-22 07:53:49.581000+00:00
case-9176,2011-08-22 14:00:29.157000+00:00,Resource12,2011-10-17 13:58:34.116000+00:00,General,Group 5,2011-10-17 13:58:34.116000+00:00,Internet,2011-10-04 12:08:14.324000+00:00
case-9199,2011-07-18 23:06:40.020000+00:00,Resource29,2011-09-12 23:06:40.020000+00:00,General,Group 6,2011-09-12 23:06:40+00:00,Internet,2011-09-14 14:46:58.318000+00:00
case-9201,2011-07-24 23:06:40.020000+00:00,Resource04,2011-09-18 23:06:40.020000+00:00,General,Group 5,2011-09-18 23:06:40+00:00,Internet,2011-09-14 08:37:35.447000+00:00
case-9203,2011-04-26 23:06:40.020000+00:00,Resource01,2011-06-21 23:06:40.020000+00:00,General,Group 8,2011-06-21 23:06:40+00:00,Internet,2011-09-01 05:23:15.377000+00:00
case-9206,2011-05-15 23:06:40.020000+00:00,Resource02,2011-07-10 23:06:40.020000+00:00,General,Group 5,2011-07-10 23:06:40+00:00,Internet,
case-9207,2011-05-18 23:06:40.020000+00:00,Resource12,2011-07-13 23:06:40.020000+00:00,General,Group 5,2011-07-13 23:06:40+00:00,Internet,2011-10-04 08:01:07.865000+00:00
case-9209,2011-06-07 23:06:40.020000+00:00,Resource02,2011-08-02 22:00:00.020000+00:00,General,Group 5,2011-08-02 22:00:00+00:00,Internet,2012-01-17 12:28:28.475000+00:00
case-9212,2011-06-23 23:06:40.020000+00:00,Resource01,2011-08-18 23:06:40.020000+00:00,General,Group 8,2011-08-18 23:06:40+00:00,Internet,2011-09-01 06:29:34.390000+00:00
case-9213,2011-06-23 23:06:40.020000+00:00,Resource01,2011-08-18 23:06:40.020000+00:00,General,Group 8,2011-08-18 23:06:40+00:00,Internet,2011-09-01 07:17:15.452000+00:00
case-9214,2011-06-30 23:06:40.020000+00:00,Resource01,2011-08-25 23:06:40.020000+00:00,General,Group 8,2011-08-25 23:06:40+00:00,Internet,2011-08-31 11:32:18.102000+00:00
case-9218,2011-07-06 23:06:40.020000+00:00,Resource11,2011-10-12 23:06:40.020000+00:00,General,Group 8,2011-10-12 23:06:40+00:00,Internet,2011-09-12 12:20:29.359000+00:00
case-9226,2011-07-04 23:06:40.020000+00:00,Resource06,2011-08-29 23:06:40.020000+00:00,General,Group 5,2011-08-29 23:06:40+00:00,Desk,2011-08-31 08:01:57.853000+00:00
case-9228,2011-07-20 23:06:40.020000+00:00,Resource04,2011-10-25 23:06:40.020000+00:00,General,Group 5,2011-10-25 23:06:40+00:00,Internet,2011-10-05 11:01:08.242000+00:00
case-9232,2011-07-21 23:06:40.020000+00:00,admin1,2011-09-15 23:06:40.020000+00:00,General,,2011-09-15 23:06:40+00:00,Internet,2011-10-31 13:40:10.648000+00:00
case-9270,2011-08-22 23:06:40.020000+00:00,Resource14,2011-10-17 23:06:40.020000+00:00,General,Group 5,2011-10-17 23:06:40+00:00,Internet,2011-11-18 09:06:45.299000+00:00
case-9271,2011-08-29 08:05:57.665000+00:00,admin1,2011-10-23 22:00:00.020000+00:00,General,,2011-10-23 22:00:00+00:00,Internet,2011-12-23 14:11:46.687000+00:00
case-9274,2011-08-24 23:06:40.020000+00:00,Resource01,2011-10-19 23:06:40.020000+00:00,General,Group 8,2011-10-19 23:06:40+00:00,Internet,2011-10-19 11:46:28.582000+00:00
case-9277,2011-07-14 23:06:40.020000+00:00,Resource05,2011-09-08 23:06:40.020000+00:00,General,Group 5,2011-09-08 23:06:40+00:00,Internet,2011-10-06 13:04:16.609000+00:00
case-9281,2011-08-29 11:56:40.490000+00:00,Resource01,2011-10-24 11:56:40.490000+00:00,General,Group 8,2011-10-24 11:56:40.490000+00:00,Internet,2011-09-08 22:00:00.020000+00:00
case-9289,2011-07-27 23:06:40.020000+00:00,Resource28,2011-09-21 23:06:40.020000+00:00,General,Group 11,2011-09-21 23:06:40+00:00,Internet,2011-11-28 12:54:14.388000+00:00
case-9290,2011-08-16 23:06:40.020000+00:00,Resource14,2011-10-11 23:06:40.020000+00:00,General,Group 5,2011-10-11 23:06:40+00:00,Internet,
case-9292,2011-08-17 23:06:40.020000+00:00,Resource01,2011-11-24 00:06:40.010000+00:00,General,Group 8,2011-11-24 00:06:40+00:00,Internet,2011-11-30 23:00:00.010000+00:00
case-9294,2011-08-17 23:06:40.020000+00:00,Resource13,2011-11-24 00:06:40.010000+00:00,General,Group 5,2011-11-24 00:06:40+00:00,Internet,2011-11-25 08:40:46.473000+00:00
case-9295,2011-08-28 23:06:40.020000+00:00,Resource05,2011-10-23 23:06:40.020000+00:00,General,Group 5,2011-10-23 23:06:40+00:00,Internet,2011-10-05 08:52:33.979000+00:00
case-9331,2011-07-07 23:06:40.020000+00:00,Resource23,2011-10-13 23:06:40.020000+00:00,General,Group 5,2011-10-13 23:06:40+00:00,Internet,2011-10-03 10:01:25.051000+00:00
case-9336,2011-09-01 13:40:26.738000+00:00,Resource11,2011-10-27 13:40:26.738000+00:00,General,Group 8,2011-10-27 13:40:26.738000+00:00,Internet,2011-10-27 09:16:39.329000+00:00
case-9337,2011-09-01 14:09:49.687000+00:00,Resource11,2011-10-27 14:09:49.687000+00:00,General,Group 8,2011-10-27 14:09:49.687000+00:00,Internet,2011-10-04 22:00:00.020000+00:00
case-9366,2011-08-31 23:06:40.020000+00:00,Resource05,2011-10-26 23:06:40.020000+00:00,General,Group 5,2011-10-26 23:06:40+00:00,Internet,2011-10-05 11:14:11.328000+00:00
case-9368,2011-08-31 23:06:40.020000+00:00,Resource11,2011-10-26 23:06:40.020000+00:00,General,Group 8,2011-10-26 23:06:40+00:00,Internet,2011-09-21 11:55:53.053000+00:00
case-9370,2011-09-01 23:06:40.020000+00:00,Resource11,2011-10-27 23:06:40.020000+00:00,General,Group 8,2011-10-27 23:06:40+00:00,Internet,2011-09-20 10:13:30.037000+00:00
case-9373,2011-09-01 23:06:40.020000+00:00,Resource11,2011-10-27 23:06:40.020000+00:00,General,Group 8,2011-10-27 23:06:40+00:00,Internet,2011-09-20 10:18:28.793000+00:00
case-9376,2011-09-01 23:06:40.020000+00:00,Resource04,2011-11-24 00:06:40.010000+00:00,General,Group 5,2011-11-24 00:06:40+00:00,Internet,2011-11-25 08:21:24.447000+00:00
case-9385,2011-09-04 23:06:40.020000+00:00,Resource06,2011-10-31 00:06:40.010000+00:00,General,Group 5,2011-10-31 00:06:40+00:00,Internet,2011-10-28 12:46:41.985000+00:00
case-9389,2011-09-04 23:06:40.020000+00:00,Resource05,2011-10-31 00:06:40.010000+00:00,General,Group 5,2011-10-31 00:06:40+00:00,Internet,2011-10-05 13:16:45.222000+00:00
case-9394,2011-09-06 13:21:18.331000+00:00,Resource02,2011-11-01 14:15:44.205000+00:00,General,Group 5,2011-11-01 14:15:44.205000+00:00,Internet,2011-10-21 09:39:20.626000+00:00
case-9395,2011-09-05 23:06:40.020000+00:00,Resource01,2011-11-01 00:06:40.010000+00:00,General,Group 8,2011-11-01 00:06:40+00:00,Internet,2011-09-23 08:18:23.947000+00:00
case-9407,2011-09-05 23:06:40.020000+00:00,Resource01,2011-11-01 00:06:40.010000+00:00,General,Group 8,2011-11-01 00:06:40+00:00,Internet,2011-09-26 07:12:19.969000+00:00
case-9408,2011-09-05 23:06:40.020000+00:00,Resource14,2011-11-01 00:06:40.010000+00:00,General,Group 5,2011-11-01 00:06:40+00:00,Internet,2011-11-18 09:13:52.690000+00:00
case-9410,2011-09-01 23:06:40.020000+00:00,Resource02,2011-10-27 23:06:40.020000+00:00,General,Group 5,2011-10-27 23:06:40+00:00,Internet,2011-10-17 11:02:05.819000+00:00
case-9411,2011-09-07 09:21:02.567000+00:00,Resource02,2011-11-02 10:21:02.567000+00:00,General,Group 5,2011-11-02 10:21:02.567000+00:00,Internet,2011-10-05 13:34:43.763000+00:00
case-9413,2011-09-07 11:02:36.975000+00:00,Resource11,2011-11-02 12:02:36.975000+00:00,General,Group 8,2011-11-02 12:02:36.975000+00:00,Internet,2011-09-21 12:00:25.191000+00:00
case-9414,2011-09-07 11:34:52.554000+00:00,Resource11,2011-11-02 12:34:52.554000+00:00,General,Group 8,2011-11-02 12:34:52.554000+00:00,Internet,2011-09-26 12:31:54.627000+00:00
case-9415,2011-09-07 12:23:25.265000+00:00,Resource11,2011-11-02 13:23:25.265000+00:00,General,Group 8,2011-11-02 13:23:25.265000+00:00,Internet,2011-09-21 12:06:20.661000+00:00
case-9417,2011-09-06 23:06:40.020000+00:00,Resource11,2011-11-02 00:06:40.010000+00:00,General,Group 8,2011-11-02 00:06:40+00:00,Internet,2011-09-29 09:50:24.416000+00:00
case-9424,2011-09-06 23:06:40.020000+00:00,Resource04,2011-12-13 23:00:00.010000+00:00,General,Group 5,2011-12-13 23:00:00+00:00,Internet,2012-01-17 13:10:50.857000+00:00
case-9430,2011-09-08 08:26:54.251000+00:00,Resource11,2011-11-03 09:26:54.251000+00:00,General,Group 8,2011-11-03 09:26:54.251000+00:00,Internet,2011-10-10 12:55:18.420000+00:00
case-9438,2011-09-07 23:06:40.020000+00:00,Resource14,2011-11-02 23:00:00.010000+00:00,General,Group 5,2011-11-02 23:00:00+00:00,Internet,
case-9442,2011-09-07 23:06:40.020000+00:00,Resource11,2011-11-03 00:06:40.010000+00:00,General,Group 8,2011-11-03 00:06:40+00:00,Internet,2011-09-29 11:28:52.704000+00:00
case-9443,2011-09-08 13:51:10.592000+00:00,Resource11,2011-11-03 14:51:10.593000+00:00,General,Group 8,2011-11-03 14:51:10.593000+00:00,Internet,2011-09-26 12:43:51.468000+00:00
case-9487,2011-09-08 23:06:40.020000+00:00,Resource13,2011-11-04 00:06:40.010000+00:00,General,Group 5,2011-11-04 00:06:40+00:00,Desk,2011-10-24 12:28:59.828000+00:00
case-9494,2011-09-10 23:06:40.020000+00:00,Resource11,2011-11-06 00:06:40.010000+00:00,General,Group 8,2011-11-06 00:06:40+00:00,Internet,2011-09-29 11:34:49.834000+00:00
case-9495,2011-09-10 23:06:40.020000+00:00,Resource11,2011-11-06 00:06:40.010000+00:00,General,Group 8,2011-11-06 00:06:40+00:00,Internet,2011-11-07 10:24:35.404000+00:00
case-9528,2011-09-11 23:06:40.020000+00:00,Resource05,2011-11-07 00:06:40.010000+00:00,General,Group 5,2011-11-07 00:06:40+00:00,Internet,2011-10-06 12:30:49.004000+00:00
case-9532,2011-09-12 23:06:40.020000+00:00,Resource37,2011-11-08 00:06:40.010000+00:00,General,Group 6,2011-11-08 00:06:40+00:00,Internet,2011-10-25 12:14:37.632000+00:00
case-9542,2011-09-13 11:53:46.937000+00:00,Resource09,2011-11-07 23:00:00.010000+00:00,General,Group 5,2011-11-07 23:00:00+00:00,Internet,
case-9543,2011-09-08 23:06:40.020000+00:00,Resource11,2011-11-04 00:06:40.010000+00:00,General,Group 8,2011-11-04 00:06:40+00:00,Internet,2011-09-29 09:58:55.050000+00:00
case-9544,2011-09-13 12:29:44.135000+00:00,Resource11,2011-11-08 13:29:44.135000+00:00,General,Group 8,2011-11-08 13:29:44.135000+00:00,Internet,2011-09-29 11:44:39.420000+00:00
case-9545,2011-09-12 23:06:40.020000+00:00,Resource05,2011-11-08 00:06:40.010000+00:00,General,Group 5,2011-11-08 00:06:40+00:00,Internet,2011-10-10 09:38:23.529000+00:00
case-9554,2011-09-12 23:06:40.020000+00:00,Resource05,2011-11-08 00:06:40.010000+00:00,General,Group 5,2011-11-08 00:06:40+00:00,Internet,2011-11-01 08:46:40.220000+00:00
case-9557,2011-09-13 23:06:40.020000+00:00,Resource02,2011-12-21 00:06:40.010000+00:00,General,Group 5,2011-12-21 00:06:40+00:00,Internet,2011-12-12 14:51:22.111000+00:00
case-9562,2011-09-12 23:06:40.020000+00:00,Resource12,2011-11-08 00:06:40.010000+00:00,General,Group 5,2011-11-08 00:06:40+00:00,Internet,2011-10-06 07:07:47.705000+00:00
case-9563,2011-07-21 23:06:40.020000+00:00,Resource11,2011-09-15 23:06:40.020000+00:00,General,Group 8,2011-10-27 23:06:40+00:00,Internet,2011-09-20 10:06:47.797000+00:00
case-9574,2011-09-13 23:06:40.020000+00:00,Resource01,2011-11-09 00:06:40.010000+00:00,General,Group 8,2011-11-09 00:06:40+00:00,Internet,2011-09-27 12:48:52.484000+00:00
case-9623,2011-09-14 23:06:40.020000+00:00,Resource11,2011-11-10 00:06:40.010000+00:00,General,Group 8,2011-11-10 00:06:40+00:00,Internet,2011-11-01 11:19:15.572000+00:00
case-9624,2011-09-19 06:53:11.527000+00:00,admin1,2011-11-14 07:53:11.527000+00:00,General,,2011-11-14 07:53:11.527000+00:00,e-mail,2011-10-06 08:00:38.440000+00:00
case-9626,2011-09-15 23:06:40.020000+00:00,Resource23,2011-12-23 00:06:40.010000+00:00,General,Group 5,2011-12-23 00:06:40+00:00,Internet,2011-12-18 23:00:00.010000+00:00
case-9628,2011-09-19 09:28:43.636000+00:00,Resource04,2011-11-14 10:28:43.636000+00:00,General,Group 5,2011-11-14 10:28:43.636000+00:00,Internet,2011-11-16 09:04:26.017000+00:00
case-9631,2011-09-17 23:06:40.020000+00:00,Resource11,2011-11-13 00:06:40.010000+00:00,General,Group 8,2011-11-13 00:06:40+00:00,Internet,2011-10-10 13:07:48.586000+00:00
case-9633,2011-09-18 23:06:40.020000+00:00,Resource13,2011-11-14 00:06:40.010000+00:00,General,Group 5,2011-11-14 00:06:40+00:00,Internet,2011-11-16 08:56:19.555000+00:00
case-9635,2011-09-13 23:06:40.020000+00:00,Resource33,2011-11-09 00:06:40.010000+00:00,General,Group 6,2011-11-09 00:06:40+00:00,Internet,
case-9639,2011-09-18 23:06:40.020000+00:00,Resource06,2011-11-14 00:06:40.010000+00:00,General,Group 5,2011-11-14 00:06:40+00:00,Internet,2011-10-20 11:47:55.996000+00:00
case-9652,2011-09-18 23:06:40.020000+00:00,Resource11,2011-11-14 00:06:40.010000+00:00,General,Group 8,2011-11-14 00:06:40+00:00,Internet,2011-10-11 05:57:35.374000+00:00
case-9653,2011-09-19 23:06:40.020000+00:00,Resource11,2011-11-15 00:06:40.010000+00:00,General,Group 8,2011-11-15 00:06:40+00:00,Internet,2011-11-07 06:57:09.029000+00:00
case-9670,2011-09-14 23:06:40.020000+00:00,Resource50,2011-11-10 00:06:40.010000+00:00,General,,2011-11-10 00:06:40+00:00,Internet,
case-9697,2011-09-18 23:06:40.020000+00:00,admin1,2011-11-14 00:06:40.010000+00:00,General,,2011-11-14 00:06:40+00:00,Internet,2011-10-24 11:18:28.237000+00:00
case-9700,2011-07-27 23:06:40.020000+00:00,Resource04,2011-11-03 00:06:40.010000+00:00,General,Group 5,2011-11-03 00:06:40+00:00,Internet,2011-10-24 12:29:49.295000+00:00
case-9701,2011-09-20 23:06:40.020000+00:00,Resource11,2011-11-16 00:06:40.010000+00:00,General,Group 8,2011-11-16 00:06:40+00:00,Internet,2011-09-29 11:56:04.146000+00:00
case-9704,2011-09-20 23:06:40.020000+00:00,Resource23,2011-11-16 00:06:40.010000+00:00,General,Group 5,2011-11-16 00:06:40+00:00,Internet,2011-10-06 12:25:21.217000+00:00
case-9710,2011-09-21 23:06:40.020000+00:00,Resource11,2011-11-17 00:06:40.010000+00:00,General,Group 8,2011-11-17 00:06:40+00:00,Internet,2011-10-11 06:30:07.381000+00:00
case-9711,2011-09-20 23:06:40.020000+00:00,Resource11,2011-11-16 00:06:40.010000+00:00,General,Group 8,2011-11-16 00:06:40+00:00,Internet,2011-10-11 06:03:06.258000+00:00
case-9721,2011-09-20 23:06:40.020000+00:00,Resource01,2011-11-16 00:06:40.010000+00:00,General,Group 8,2011-11-16 00:06:40+00:00,Internet,2011-10-04 07:10:22.547000+00:00
case-9722,2011-09-20 23:06:40.020000+00:00,Resource11,2011-11-16 00:06:40.010000+00:00,General,Group 8,2011-11-16 00:06:40+00:00,Internet,2011-10-21 09:58:15.716000+00:00
case-9725,2011-09-20 23:06:40.020000+00:00,Resource11,2011-11-16 00:06:40.010000+00:00,General,Group 8,2011-11-16 00:06:40+00:00,Internet,2011-10-11 06:08:42.352000+00:00
case-9727,2011-09-21 23:06:40.020000+00:00,Resource11,2011-11-17 00:06:40.010000+00:00,General,Group 8,2011-11-17 00:06:40+00:00,Internet,2011-10-11 06:37:46.803000+00:00
case-9746,2011-09-21 23:06:40.020000+00:00,Resource01,2011-11-17 00:06:40.010000+00:00,General,Group 8,2011-11-17 00:06:40+00:00,Internet,2011-10-04 07:15:07.546000+00:00
case-9747,2011-09-21 23:06:40.020000+00:00,Resource22,2013-01-02 23:00:00.010000+00:00,General,Group 5,2013-01-02 23:00:00+00:00,Internet,
case-9748,2011-09-21 23:06:40.020000+00:00,Resource11,2011-11-17 00:06:40.010000+00:00,General,Group 8,2011-11-17 00:06:40+00:00,Internet,2011-10-26 09:02:42.995000+00:00
case-9749,2011-09-21 23:06:40.020000+00:00,Resource05,2011-11-17 00:06:40.010000+00:00,General,Group 5,2011-11-17 00:06:40+00:00,Internet,2011-10-11 08:08:25.252000+00:00
case-9751,2011-09-21 23:06:40.020000+00:00,Resource11,2011-11-17 00:06:40.010000+00:00,General,Group 8,2011-11-17 00:06:40+00:00,Internet,2011-10-26 07:52:00.253000+00:00
case-9752,2011-07-11 23:06:40.020000+00:00,Resource02,2011-10-17 23:06:40.020000+00:00,General,Group 5,2011-10-17 23:06:40+00:00,Internet,2011-10-17 11:52:49.040000+00:00
case-9753,2011-09-21 23:06:40.020000+00:00,Resource11,2011-11-17 00:06:40.010000+00:00,General,Group 8,2011-11-17 00:06:40+00:00,Internet,2011-10-11 07:01:04.653000+00:00
case-9754,2011-09-21 23:06:40.020000+00:00,Resource11,2011-11-17 00:06:40.010000+00:00,General,Group 8,2011-11-17 00:06:40+00:00,Internet,2011-10-21 10:45:22.019000+00:00
case-9756,2011-09-21 23:06:40.020000+00:00,Resource11,2011-11-17 00:06:40.010000+00:00,General,Group 8,2011-11-17 00:06:40+00:00,Internet,2011-10-21 10:53:05.599000+00:00
case-9758,2011-09-22 23:06:40.020000+00:00,Resource11,2011-11-18 00:06:40.010000+00:00,General,Group 8,2011-11-18 00:06:40+00:00,Internet,2011-10-21 11:05:18.728000+00:00
case-9759,2011-09-22 23:06:40.020000+00:00,Resource04,2011-11-18 00:06:40.010000+00:00,General,Group 5,2011-11-18 00:06:40+00:00,Internet,
case-9762,2011-09-22 23:06:40.020000+00:00,Resource11,2011-11-18 00:06:40.010000+00:00,General,Group 8,2011-11-18 00:06:40+00:00,Internet,2011-10-21 11:14:40.192000+00:00
case-9763,2011-09-26 12:30:01.533000+00:00,Resource54,2011-12-13 12:30:01.533000+00:00,Experts,,2011-12-13 12:30:01.533000+00:00,Internet,2011-09-26 13:19:04.083000+00:00
case-9765,2011-09-14 23:06:40.020000+00:00,Resource09,2011-11-10 00:06:40.010000+00:00,General,Group 5,2011-11-10 00:06:40+00:00,Internet,
case-9767,2011-09-18 23:06:40.020000+00:00,Resource13,2011-11-14 00:06:40.010000+00:00,General,Group 5,2011-11-14 00:06:40+00:00,Internet,2011-10-06 08:26:46.035000+00:00
case-9776,2011-09-18 23:06:40.020000+00:00,Resource05,2011-11-14 00:06:40.010000+00:00,General,Group 5,2011-11-14 00:06:40+00:00,Internet,2011-10-05 08:53:29.744000+00:00
case-9777,2011-09-18 23:06:40.020000+00:00,Resource04,2011-11-14 00:06:40.010000+00:00,General,Group 5,2011-11-14 00:06:40+00:00,Internet,
case-9778,2011-09-18 23:06:40.020000+00:00,Resource13,2011-11-14 00:06:40.010000+00:00,General,Group 5,2011-11-14 00:06:40+00:00,Internet,2011-10-10 10:20:07.940000+00:00
case-9781,2011-09-19 23:06:40.020000+00:00,Resource35,2011-11-15 00:06:40.010000+00:00,General,Group 7,2011-11-15 00:06:40+00:00,Internet,2011-10-24 13:37:57.124000+00:00
case-9782,2011-09-19 23:06:40.020000+00:00,Resource05,2011-11-15 00:06:40.010000+00:00,General,Group 5,2011-11-15 00:06:40+00:00,Internet,2011-10-10 10:36:44.702000+00:00
case-9786,2011-09-27 13:41:20.390000+00:00,Resource11,2011-11-22 14:41:20.390000+00:00,General,Group 8,2011-11-22 14:41:20.390000+00:00,Internet,2011-10-26 09:31:48.362000+00:00
case-9791,2011-09-26 23:06:40.020000+00:00,Resource01,2011-11-22 00:06:40.010000+00:00,General,Group 8,2011-11-22 00:06:40+00:00,Internet,2011-10-05 13:08:13.591000+00:00
case-9793,2011-09-26 23:06:40.020000+00:00,Resource01,2011-11-22 00:06:40.010000+00:00,General,Group 8,2011-11-22 00:06:40+00:00,Internet,2011-10-05 13:10:19.252000+00:00
case-9794,2011-09-26 23:06:40.020000+00:00,Resource05,2011-11-22 00:06:40.010000+00:00,General,Group 5,2011-11-22 00:06:40+00:00,Internet,2011-10-11 12:38:37.510000+00:00
case-9796,2011-09-26 23:06:40.020000+00:00,Resource11,2011-11-22 00:06:40.010000+00:00,General,Group 8,2011-11-22 00:06:40+00:00,Internet,2011-10-26 09:19:51.767000+00:00
case-9804,2011-06-23 23:06:40.020000+00:00,Resource11,2011-08-18 23:06:40.020000+00:00,General,Group 8,2011-08-18 23:06:40+00:00,Internet,2011-10-10 12:48:03.366000+00:00
case-9823,2011-07-12 23:06:40.020000+00:00,Resource01,2011-10-25 23:06:40.020000+00:00,General,Group 8,2011-10-25 23:06:40+00:00,Internet,2011-10-26 07:46:21.997000+00:00
case-9826,2011-09-27 23:06:40.020000+00:00,Resource22,2011-11-23 00:06:40.010000+00:00,General,Group 5,2011-11-23 00:06:40+00:00,Internet,2011-11-30 11:44:48.919000+00:00
case-9837,2011-09-29 23:06:40.020000+00:00,Resource21,2011-12-18 23:00:00.010000+00:00,General,Group 2,2011-12-18 23:00:00+00:00,Internet,
case-9839,2011-09-29 23:06:40.020000+00:00,Resource11,2011-11-25 00:06:40.010000+00:00,General,Group 8,2011-11-25 00:06:40+00:00,Internet,2011-10-27 10:08:55.838000+00:00
case-9844,2011-09-29 22:00:00.020000+00:00,Resource20,2011-12-18 22:00:00.010000+00:00,General,,2011-12-18 22:00:00+00:00,Internet,2011-11-15 08:45:22.531000+00:00
case-9845,2011-09-29 22:00:00.020000+00:00,Resource20,2011-12-18 22:00:00.010000+00:00,General,,2011-12-18 22:00:00+00:00,Internet,2011-11-15 08:46:01.946000+00:00
case-9860,2011-09-26 23:06:40.020000+00:00,Resource14,2011-11-21 23:00:00.010000+00:00,General,Group 5,2011-11-21 23:00:00+00:00,Internet,2012-01-18 09:43:56.634000+00:00
case-9870,2011-07-07 23:06:40.020000+00:00,Resource23,2011-11-04 00:06:40.010000+00:00,General,Group 5,2011-11-04 00:06:40+00:00,Internet,2011-10-31 14:58:24.653000+00:00
case-9883,2011-10-03 23:06:40.020000+00:00,Resource09,2011-11-28 23:00:00.010000+00:00,General,Group 5,2012-01-09 23:00:00+00:00,Internet,2012-01-09 15:47:20.282000+00:00
case-9884,2011-10-04 07:06:52.777000+00:00,Resource11,2011-11-29 08:06:52.777000+00:00,General,Group 8,2011-11-29 08:06:52.777000+00:00,Internet,2011-10-27 10:18:43.686000+00:00
case-9885,2011-10-03 23:06:40.020000+00:00,Resource13,2011-12-08 00:06:40.010000+00:00,General,Group 5,2011-12-08 00:06:40+00:00,Internet,2011-11-25 08:48:38.851000+00:00
case-9886,2011-10-04 07:19:19.745000+00:00,Resource03,2011-11-29 08:19:19.745000+00:00,General,Group 2,2011-11-29 08:19:19.745000+00:00,Internet,2011-10-18 12:40:05.269000+00:00
case-9887,2011-10-04 07:24:23.041000+00:00,Resource23,2011-11-29 08:24:23.041000+00:00,General,Group 5,2011-11-29 08:24:23.041000+00:00,Internet,2011-10-11 22:00:00.020000+00:00
case-9888,2011-09-26 23:06:40.020000+00:00,Resource35,2011-11-22 00:06:40.010000+00:00,General,Group 7,2011-11-22 00:06:40+00:00,Internet,2011-10-24 13:31:37.489000+00:00
case-9890,2011-10-04 07:31:36.900000+00:00,Resource11,2011-11-29 08:31:36.900000+00:00,General,Group 8,2011-11-29 08:31:36.900000+00:00,Internet,2011-10-27 09:35:45.803000+00:00
case-9892,2011-09-28 23:06:40.020000+00:00,Resource11,2011-11-24 00:06:40.010000+00:00,General,Group 8,2011-11-24 00:06:40+00:00,Internet,2011-10-26 09:44:41.624000+00:00
case-9893,2011-09-20 23:06:40.020000+00:00,Resource35,2011-11-16 00:06:40.010000+00:00,General,Group 7,2011-11-16 00:06:40+00:00,Internet,2011-10-24 13:34:42.610000+00:00
case-9894,2011-10-03 23:06:40.020000+00:00,Resource21,2011-12-21 00:06:40.010000+00:00,General,Group 2,2011-12-21 00:06:40+00:00,Internet,2011-10-05 14:54:17.281000+00:00
case-9895,2011-09-25 23:06:40.020000+00:00,Resource11,2011-11-21 00:06:40.010000+00:00,General,Group 8,2011-11-21 00:06:40+00:00,Internet,2011-11-07 07:02:00.900000+00:00
case-9896,2011-09-25 23:06:40.020000+00:00,Resource35,2011-11-21 00:06:40.010000+00:00,General,Group 7,2011-11-21 00:06:40+00:00,Internet,2011-10-24 13:28:39.607000+00:00
case-9897,2011-09-25 23:06:40.020000+00:00,Resource02,2012-01-01 23:00:00.010000+00:00,General,Group 5,2012-01-01 23:00:00+00:00,Internet,2012-01-17 13:23:20.043000+00:00
case-9904,2011-10-03 23:06:40.020000+00:00,Resource11,2011-12-21 00:06:40.010000+00:00,General,Group 8,2011-12-21 00:06:40+00:00,Internet,2011-11-07 09:00:24.618000+00:00
case-9916,2011-10-03 23:06:40.020000+00:00,Resource11,2011-11-29 00:06:40.010000+00:00,General,Group 8,2011-11-29 00:06:40+00:00,Internet,2011-11-30 07:10:59.139000+00:00
case-9919,2011-10-04 23:06:40.020000+00:00,Resource11,2011-12-22 00:06:40.010000+00:00,General,Group 8,2011-12-22 00:06:40+00:00,Internet,2011-11-30 06:40:07.644000+00:00
case-9920,2011-10-04 23:06:40.020000+00:00,Resource11,2011-12-22 00:06:40.010000+00:00,General,Group 8,2011-12-22 00:06:40+00:00,Internet,2011-11-21 13:23:38.004000+00:00
case-9921,2011-10-02 23:06:40.020000+00:00,Resource04,2011-11-28 00:06:40.010000+00:00,General,Group 5,2011-11-28 00:06:40+00:00,Internet,2011-11-07 11:32:52.389000+00:00
case-9923,2011-10-02 23:06:40.020000+00:00,Resource20,2011-11-28 00:06:40.010000+00:00,General,Group 2,2011-11-28 00:06:40+00:00,Internet,2011-10-31 15:55:13.160000+00:00
case-9924,2011-10-04 23:06:40.020000+00:00,Resource11,2011-12-22 00:06:40.010000+00:00,General,Group 8,2011-12-22 00:06:40+00:00,Internet,2011-11-21 08:37:01.435000+00:00
case-9925,2011-10-04 23:06:40.020000+00:00,Resource11,2011-12-22 00:06:40.010000+00:00,General,Group 8,2011-12-22 00:06:40+00:00,Internet,2011-11-21 08:44:12.722000+00:00
case-9926,2011-10-04 23:06:40.020000+00:00,Resource02,2011-12-22 00:06:40.010000+00:00,General,Group 5,2011-12-22 00:06:40+00:00,Internet,2011-10-26 06:05:04.376000+00:00
case-9927,2011-10-04 23:06:40.020000+00:00,Resource05,2011-12-22 00:06:40.010000+00:00,General,Group 5,2011-12-22 00:06:40+00:00,Internet,2011-11-15 09:37:58.468000+00:00
case-9928,2011-10-02 23:06:40.020000+00:00,Resource22,2011-11-28 00:06:40.010000+00:00,General,Group 5,2011-11-28 00:06:40+00:00,Internet,2011-12-07 11:55:18.299000+00:00
case-9929,2011-10-04 23:06:40.020000+00:00,Resource11,2011-12-22 00:06:40.010000+00:00,General,Group 8,2011-12-22 00:06:40+00:00,Internet,2011-11-17 07:26:24.943000+00:00
case-9931,2011-10-04 23:06:40.020000+00:00,Resource11,2011-12-22 00:06:40.010000+00:00,General,Group 8,2011-12-22 00:06:40+00:00,Internet,2011-11-21 08:55:44.983000+00:00
case-9932,2011-10-04 23:06:40.020000+00:00,Resource11,2011-12-22 00:06:40.010000+00:00,General,Group 8,2011-12-22 00:06:40+00:00,Internet,2011-11-17 07:54:03.790000+00:00
case-9934,2011-10-04 23:06:40.020000+00:00,Resource11,2011-12-22 00:06:40.010000+00:00,General,Group 8,2011-12-22 00:06:40+00:00,Internet,2011-11-21 09:13:59.758000+00:00
case-9936,2011-10-04 23:06:40.020000+00:00,Resource04,2012-02-14 23:00:00.010000+00:00,General,Group 5,2012-02-14 23:00:00+00:00,Internet,
case-9941,2011-10-05 23:06:40.020000+00:00,Resource13,2011-12-21 23:00:00.010000+00:00,General,Group 5,2011-12-21 23:00:00+00:00,Internet,2012-01-05 14:39:06.431000+00:00
case-9942,2011-10-05 23:06:40.020000+00:00,Resource11,2011-12-23 00:06:40.010000+00:00,General,Group 8,2011-12-23 00:06:40+00:00,Internet,2011-11-21 09:39:21.672000+00:00
case-9943,2011-10-03 23:06:40.020000+00:00,Resource11,2011-11-29 00:06:40.010000+00:00,General,Group 8,2011-11-29 00:06:40+00:00,Internet,2011-11-07 08:28:24.079000+00:00
case-9944,2011-10-05 23:06:40.020000+00:00,Resource11,2011-12-23 00:06:40.010000+00:00,General,Group 8,2011-12-23 00:06:40+00:00,Internet,2011-11-17 07:47:54.571000+00:00
case-9946,2011-09-27 23:06:40.020000+00:00,Resource11,2011-11-23 00:06:40.010000+00:00,General,Group 8,2011-11-23 00:06:40+00:00,Internet,2011-11-14 07:31:14.790000+00:00
case-9947,2011-10-02 23:06:40.020000+00:00,Resource02,2012-01-14 23:00:00.010000+00:00,General,Group 5,2012-01-14 23:00:00+00:00,Internet,2012-01-16 14:45:57.982000+00:00
case-9948,2011-10-05 23:06:40.020000+00:00,Resource11,2011-12-23 00:06:40.010000+00:00,General,Group 8,2011-12-23 00:06:40+00:00,Internet,2011-10-14 11:03:38.170000+00:00
case-9955,2011-10-05 23:06:40.020000+00:00,Resource02,2011-12-22 23:00:00.010000+00:00,General,Group 5,2011-12-22 23:00:00+00:00,Internet,2011-12-23 14:35:09.572000+00:00
case-9957,2011-10-05 23:06:40.020000+00:00,Resource11,2011-11-30 23:00:00.010000+00:00,General,Group 8,2011-11-30 23:00:00+00:00,Internet,2012-01-05 13:13:21.439000+00:00
case-9961,2011-10-06 23:06:40.020000+00:00,Resource11,2011-12-26 00:06:40.010000+00:00,General,Group 8,2011-12-26 00:06:40+00:00,Internet,2011-11-23 07:56:59.365000+00:00
case-9963,2011-10-06 23:06:40.020000+00:00,Resource11,2011-12-02 00:06:40.010000+00:00,General,Group 8,2011-12-02 00:06:40+00:00,Internet,2011-11-14 07:40:38.838000+00:00
case-9966,2011-10-06 23:06:40.020000+00:00,Resource09,2011-12-02 00:06:40.010000+00:00,General,Group 5,2011-12-02 00:06:40+00:00,Internet,2011-12-02 13:48:58.581000+00:00
case-9967,2011-10-06 23:06:40.020000+00:00,Resource11,2011-12-02 00:06:40.010000+00:00,General,Group 8,2011-12-02 00:06:40+00:00,Internet,2011-11-07 09:54:05.508000+00:00
case-9969,2011-10-06 23:06:40.020000+00:00,Resource11,2011-12-02 00:06:40.010000+00:00,General,Group 8,2011-12-02 00:06:40+00:00,Internet,2011-11-14 07:50:36.749000+00:00
case-9970,2011-10-06 23:06:40.020000+00:00,Resource11,2011-12-26 00:06:40.010000+00:00,General,Group 8,2011-12-26 00:06:40+00:00,Internet,2011-11-23 08:03:22.743000+00:00
case-9972,2011-10-06 23:06:40.020000+00:00,Resource11,2011-12-02 00:06:40.010000+00:00,General,Group 8,2011-12-02 00:06:40+00:00,Internet,2011-11-07 07:11:54.768000+00:00
case-9981,2011-10-07 23:06:40.020000+00:00,Resource03,2011-12-03 00:06:40.010000+00:00,General,Group 2,2011-12-03 00:06:40+00:00,Internet,2011-10-11 08:36:32.140000+00:00
case-9986,2011-10-08 23:06:40.020000+00:00,Resource20,2011-12-04 00:06:40.010000+00:00,General,Group 2,2011-12-04 00:06:40+00:00,Internet,2011-10-27 11:21:44.814000+00:00
case-9997,2011-10-05 23:06:40.020000+00:00,Resource06,2011-12-01 00:06:40.010000+00:00,General,Group 5,2011-12-01 00:06:40+00:00,Internet,2011-10-20 12:19:44.448000+00:00
